-- MySQL dump 10.13  Distrib 5.5.35, for debian-linux-gnu (x86_64)
--
-- Host: localhost    Database: forum_db
-- ------------------------------------------------------
-- Server version	5.5.35-0ubuntu0.13.10.2

/*!40101 SET @OLD_CHARACTER_SET_CLIENT=@@CHARACTER_SET_CLIENT */;
/*!40101 SET @OLD_CHARACTER_SET_RESULTS=@@CHARACTER_SET_RESULTS */;
/*!40101 SET @OLD_COLLATION_CONNECTION=@@COLLATION_CONNECTION */;
/*!40101 SET NAMES utf8 */;
/*!40103 SET @OLD_TIME_ZONE=@@TIME_ZONE */;
/*!40103 SET TIME_ZONE='+00:00' */;
/*!40014 SET @OLD_UNIQUE_CHECKS=@@UNIQUE_CHECKS, UNIQUE_CHECKS=0 */;
/*!40014 SET @OLD_FOREIGN_KEY_CHECKS=@@FOREIGN_KEY_CHECKS, FOREIGN_KEY_CHECKS=0 */;
/*!40101 SET @OLD_SQL_MODE=@@SQL_MODE, SQL_MODE='NO_AUTO_VALUE_ON_ZERO' */;
/*!40111 SET @OLD_SQL_NOTES=@@SQL_NOTES, SQL_NOTES=0 */;

--
-- Current Database: `forum_db`
--

CREATE DATABASE /*!32312 IF NOT EXISTS*/ `forum_db` /*!40100 DEFAULT CHARACTER SET utf8 */;

USE `forum_db`;

--
-- Table structure for table `followers`
--

DROP TABLE IF EXISTS `followers`;
/*!40101 SET @saved_cs_client     = @@character_set_client */;
/*!40101 SET character_set_client = utf8 */;
CREATE TABLE `followers` (
  `follower` bigint(20) unsigned NOT NULL,
  `followee` bigint(20) unsigned NOT NULL,
  `unfollowed` tinyint(4) NOT NULL DEFAULT '0',
  PRIMARY KEY (`follower`,`followee`),
  KEY `fk_user_has_user_user1_idx` (`followee`),
  KEY `fk_user_has_user_user_idx` (`follower`),
  CONSTRAINT `fk_user_has_user_user` FOREIGN KEY (`follower`) REFERENCES `user` (`id`) ON UPDATE NO ACTION,
  CONSTRAINT `fk_user_has_user_user1` FOREIGN KEY (`followee`) REFERENCES `user` (`id`) ON UPDATE NO ACTION
) ENGINE=InnoDB DEFAULT CHARSET=utf8;
/*!40101 SET character_set_client = @saved_cs_client */;

--
-- Dumping data for table `followers`
--

LOCK TABLES `followers` WRITE;
/*!40000 ALTER TABLE `followers` DISABLE KEYS */;
INSERT INTO `followers` VALUES (1,4,0),(1,9,0),(3,1,0),(3,10,0),(7,3,0),(7,9,0),(9,3,0);
/*!40000 ALTER TABLE `followers` ENABLE KEYS */;
UNLOCK TABLES;

--
-- Table structure for table `forum`
--

DROP TABLE IF EXISTS `forum`;
/*!40101 SET @saved_cs_client     = @@character_set_client */;
/*!40101 SET character_set_client = utf8 */;
CREATE TABLE `forum` (
  `id` bigint(20) unsigned NOT NULL AUTO_INCREMENT,
  `name` varchar(255) NOT NULL,
  `short_name` varchar(255) NOT NULL,
  `user` varchar(255) NOT NULL,
  `user_id` bigint(20) unsigned NOT NULL,
  PRIMARY KEY (`id`,`user_id`),
  UNIQUE KEY `short_name_UNIQUE` (`short_name`),
  KEY `fk_forum_user1_idx` (`user_id`),
  KEY `short_name_INDEX` (`short_name`),
  KEY `user_INDEX` (`user`),
  CONSTRAINT `fk_forum_user1` FOREIGN KEY (`user_id`) REFERENCES `user` (`id`) ON UPDATE NO ACTION
) ENGINE=InnoDB AUTO_INCREMENT=31 DEFAULT CHARSET=utf8;
/*!40101 SET character_set_client = @saved_cs_client */;

--
-- Dumping data for table `forum`
--

LOCK TABLES `forum` WRITE;
/*!40000 ALTER TABLE `forum` DISABLE KEYS */;
INSERT INTO `forum` VALUES (1,'Presses default elbow transmission','pressesdefaultelbowtransmission','nia@mail2taxi.com',10),(2,'Antenna moment holddown pupils','antennamomentholddownpupils','nia@mail2taxi.com',10),(3,'Helm units friday braid','helmunitsfridaybraid','rylee@whipmail.com',1),(4,'Units electronics explosion games','unitselectronicsexplosiongames','rylee@whipmail.com',1),(5,'Tanks toss fabrications cheese','tankstossfabricationscheese','abraham@from-mexico.com',3),(6,'Sprayer train humps technicians','sprayertrainhumpstechnicians','josephine@fromnevada.com',2),(7,'Taps halves specialty thread','tapshalvesspecialtythread','alondra@boltonfans.com',4),(8,'Destroyers strand requisition offer','destroyersstrandrequisitionoffer','kristi@iol.it',8),(9,'Forties classrooms icing profile','fortiesclassroomsicingprofile','josephine@fromnevada.com',2),(10,'Paragraphs magnitude rattles entrapment','paragraphsmagnituderattlesentrapment','clarissa@the-aliens.com',7),(11,'Sharpeners analog representative success','sharpenersanalogrepresentativesuccess','josephine@fromnevada.com',2),(12,'Quarter cashiers adhesive seas','quartercashiersadhesiveseas','josephine@fromnevada.com',2),(13,'Dust retractor substance bit','dustretractorsubstancebit','alondra@boltonfans.com',4),(14,'Wingnut wings farm warnings','wingnutwingsfarmwarnings','eugene@mail2bankrupt.com',6),(15,'Region rescuers spoke analogs','regionrescuersspokeanalogs','kristi@iol.it',8),(16,'Chases signalers prisoners batch','chasessignalersprisonersbatch','kristi@iol.it',8),(17,'Size telecommunications pens world','sizetelecommunicationspensworld','josephine@fromnevada.com',2),(18,'Stove studies bread gallons','stovestudiesbreadgallons','kristi@iol.it',8),(19,'Course candles purges crime','coursecandlespurgescrime','clarissa@the-aliens.com',7),(20,'Subsystems foam trainers procurement','subsystemsfoamtrainersprocurement','josephine@fromnevada.com',2),(21,'Ordnance bends defections lifts','ordnancebendsdefectionslifts','rylee@whipmail.com',1),(22,'Status courtesy variety halt','statuscourtesyvarietyhalt','harold@ilovechocolate.com',5),(23,'Rejection dials segment destinations','rejectiondialssegmentdestinations','eugene@mail2bankrupt.com',6),(24,'Brakes negligence wins caps','brakesnegligencewinscaps','alondra@boltonfans.com',4),(25,'Donor training revolution flame','donortrainingrevolutionflame','yolanda@mail2anna.com',9),(26,'Teller tumble admiralty craft','tellertumbleadmiraltycraft','kristi@iol.it',8),(27,'Submarining plot prisons backs','submariningplotprisonsbacks','nia@mail2taxi.com',10),(28,'Candle pokes watts replacement','candlepokeswattsreplacement','eugene@mail2bankrupt.com',6),(29,'Drips headsets cave whisper','dripsheadsetscavewhisper','alondra@boltonfans.com',4),(30,'Clumps disease dedications futures','clumpsdiseasededicationsfutures','abraham@from-mexico.com',3);
/*!40000 ALTER TABLE `forum` ENABLE KEYS */;
UNLOCK TABLES;

--
-- Table structure for table `post`
--

DROP TABLE IF EXISTS `post`;
/*!40101 SET @saved_cs_client     = @@character_set_client */;
/*!40101 SET character_set_client = utf8 */;
CREATE TABLE `post` (
  `id` bigint(20) unsigned NOT NULL AUTO_INCREMENT,
  `date` datetime NOT NULL,
  `dislikes` int(11) NOT NULL DEFAULT '0',
  `likes` int(11) NOT NULL DEFAULT '0',
  `isApproved` tinyint(3) unsigned NOT NULL DEFAULT '0',
  `isDeleted` tinyint(3) unsigned NOT NULL DEFAULT '0',
  `isEdited` tinyint(3) unsigned NOT NULL DEFAULT '0',
  `isHighlighted` tinyint(3) unsigned NOT NULL DEFAULT '0',
  `isSpam` tinyint(3) unsigned NOT NULL DEFAULT '0',
  `message` mediumtext NOT NULL,
  `parent` bigint(20) unsigned DEFAULT NULL,
  `points` int(11) NOT NULL DEFAULT '0',
  `forum` varchar(255) NOT NULL,
  `user` varchar(255) NOT NULL,
  `user_id` bigint(20) unsigned NOT NULL,
  `thread_id` bigint(20) unsigned NOT NULL,
  PRIMARY KEY (`id`,`user_id`,`thread_id`),
  KEY `fk_post_user1_idx` (`user_id`),
  KEY `fk_post_thread1_idx` (`thread_id`),
  KEY `fk_post_parent_1_idx` (`parent`),
  KEY `user_INDEX` (`user`),
  KEY `forum_INDEX` (`forum`),
  CONSTRAINT `fk_post_user1` FOREIGN KEY (`user_id`) REFERENCES `user` (`id`) ON UPDATE NO ACTION,
  CONSTRAINT `fk_post_thread1` FOREIGN KEY (`thread_id`) REFERENCES `thread` (`id`) ON UPDATE NO ACTION,
  CONSTRAINT `fk_post_parent_1` FOREIGN KEY (`parent`) REFERENCES `post` (`id`) ON DELETE NO ACTION ON UPDATE NO ACTION
) ENGINE=InnoDB AUTO_INCREMENT=201 DEFAULT CHARSET=utf8;
/*!40101 SET character_set_client = @saved_cs_client */;

--
-- Dumping data for table `post`
--

LOCK TABLES `post` WRITE;
/*!40000 ALTER TABLE `post` DISABLE KEYS */;
INSERT INTO `post` VALUES (1,'2014-04-15 08:10:08',0,0,1,1,1,1,0,'Sedfusce consequat ut nisi auctor. Feliscras, himenaeos antesuspendisse amet possim nullam auctormauris.',NULL,0,'wingnutwingsfarmwarnings','kristi@iol.it',8,18),(2,'2008-02-27 02:11:58',0,0,1,1,1,1,0,'Curae iriure netus consectetuer liber vehicula, etiam vero accusam inceptos. Lobortisetiam dolore accusam, iaculis imperdiet proin odio.',NULL,0,'wingnutwingsfarmwarnings','harold@ilovechocolate.com',5,18),(3,'2012-06-11 07:40:49',0,0,1,1,0,0,0,'Morbi hendrerit urna cras etiam tempor. Esse sociis massaphasellus illum ipsuminteger, risusdonec kasd tation accusam augue nisised clita option aliquam.',NULL,0,'wingnutwingsfarmwarnings','kristi@iol.it',8,18),(4,'2012-06-28 06:43:48',0,0,1,1,0,0,0,'Facilisinam aliquip qui nostrud velit mi fames, dapibus exerci orci antesuspendisse accusam per vel. Imperdietaliquam muspellentesque nisl enim.',2,0,'wingnutwingsfarmwarnings','rylee@whipmail.com',1,18),(5,'2014-04-25 08:23:00',0,0,1,1,0,1,0,'Vivamus bibendumin semper, fames suscipit zzril elementum. Telluspraesent quis nullamauris, minulla nibh ligula lobortis.',NULL,0,'wingnutwingsfarmwarnings','nia@mail2taxi.com',10,18),(6,'2013-03-14 03:35:11',0,0,0,0,0,0,1,'Dolore invidunt lacusnulla, quisque massapellentesque te tortorvestibulum in cursus. Risusdonec sodales nostrud sociis, a dui auctormauris dictum elit tristique nullamauris rebum.',3,0,'wingnutwingsfarmwarnings','abraham@from-mexico.com',3,18),(7,'2013-03-13 23:04:29',0,0,1,1,0,1,1,'Natoque posuere egestasmauris augue nunc semper. Cubilia vulputate.',3,0,'wingnutwingsfarmwarnings','kristi@iol.it',8,18),(8,'2005-11-23 13:10:14',0,0,1,1,0,1,1,'Nondonec donec consecteturpraesent hendrerit ipsumcurabitur. Placerat eratproin at doming qui, pulvinarvestibulum urna aliquyam.',3,0,'wingnutwingsfarmwarnings','nia@mail2taxi.com',10,18),(9,'2011-08-13 09:18:05',0,0,0,1,0,1,1,'Te dapibusnam urnapraesent minulla lobortisetiam. Fusce lorem aliquammauris.',2,0,'wingnutwingsfarmwarnings','kristi@iol.it',8,18),(10,'2011-10-10 04:37:57',0,0,0,0,0,1,0,'Euismod litora imperdietaliquam, nascetur tempor mi curabitur. Lacinia liber felissed ultriciespellentesque bibendum justocras nullam, dignissim eros vel eget ornare.',3,0,'wingnutwingsfarmwarnings','josephine@fromnevada.com',2,18),(11,'2012-05-25 17:18:28',0,0,1,1,1,1,0,'Molestie ullamcorper magnis lacusut mipellentesque, pharetra semper diam hendrerit. Ipsuminteger hendrerit vehicula aenean quisque in, sanctus consequatduis nisi volutpatut malesuada facer consectetur.',7,0,'wingnutwingsfarmwarnings','yolanda@mail2anna.com',9,18),(12,'2013-05-13 16:48:25',0,0,0,1,0,1,1,'Feugait vel aliquip eirmod sed ornare. Iaculis lobortis eos.',1,0,'wingnutwingsfarmwarnings','clarissa@the-aliens.com',7,18),(13,'2008-02-03 05:13:19',0,0,0,1,0,1,1,'Cursus phasellus gravida sollicitudin suscipit laoreet, muspellentesque consectetuer faucibusvestibulum lacusut litora luptatum ac porttitor. Consectetur leo, bibendumin nisised curabitur aliquyam nullamauris sociosqu facilisi.',1,0,'wingnutwingsfarmwarnings','kristi@iol.it',8,18),(14,'2007-07-21 18:58:48',0,0,1,0,0,0,0,'Malesuada rhoncus feugait sempermorbi non dolore leopraesent, variuscras volutpat lacusnulla imperdiet luctus. Euismod eirmod lobortis tempus temporsuspendisse feliscras posuere, aenean felis nibh sed at ultriciespellentesque convallis erosin.',8,0,'wingnutwingsfarmwarnings','kristi@iol.it',8,18),(15,'2009-10-17 08:50:36',0,0,0,1,1,0,0,'Per facilisisat nobis faucibus, quisaenean hendrerit minim purusvestibulum feugiat. Porta tempor egestasmauris quisque sea nostra, antesuspendisse nunccurabitur luptatum auctor lectusnullam consetetur rebum erat.',8,0,'wingnutwingsfarmwarnings','alondra@boltonfans.com',4,18),(16,'2007-11-08 12:07:57',0,0,0,1,0,0,0,'Tempor phasellus montes arcumorbi facilisis, urna orci et inceptos magnapraesent. Justo zzril, eirmod nascetur himenaeos at aaenean nostra minulla.',12,0,'wingnutwingsfarmwarnings','abraham@from-mexico.com',3,18),(17,'2014-11-02 14:12:05',0,0,1,0,0,0,1,'Habitasse liberoduis nisl, facilisicurabitur delenit vivamus duimauris. Dictumstvivamus voluptua cubilia soluta iriure netus, facilisisat natoque rhoncus ipsumcurabitur labore ea minulla.',9,0,'wingnutwingsfarmwarnings','eugene@mail2bankrupt.com',6,18),(18,'2008-06-06 09:50:20',0,0,0,1,0,0,1,'Luptatum bibendumin urna tincidunt iriure posuere maecenas taciti, urnapraesent aenean lacusnulla sea sem duis. Sollicitudin cubilia nullamauris justocras risus pharetra, facilisisat enimaliquam exerci mi egestasmauris luctus augue dis viverra.',12,0,'wingnutwingsfarmwarnings','harold@ilovechocolate.com',5,18),(19,'2009-06-24 18:40:00',0,0,1,1,1,1,1,'Facilisicurabitur in volutpat. Leopraesent, et dictumstvivamus accusam zzril cubilia sollicitudin.',1,0,'wingnutwingsfarmwarnings','nia@mail2taxi.com',10,18),(20,'2006-09-28 00:37:02',0,0,0,1,1,1,1,'Metusdonec mi felis velit assum diaminteger tincidunt, massa leo porttitor accumsan class quammaecenas habitasse platea. Labore eratproin nisi elitduis cras.',8,0,'wingnutwingsfarmwarnings','kristi@iol.it',8,18),(21,'2014-12-04 19:35:59',0,0,1,1,1,1,1,'Euismod hendrerit mazim ultrices venenatis mauris dis, wisi sed iriure primis erat pulvinarvestibulum habitant. Porttitor sem invidunt magnainteger faucibus nequeetiam felissed iusto, facilisisproin imperdiet fames eros per suscipit diam.',12,0,'wingnutwingsfarmwarnings','rylee@whipmail.com',1,18),(22,'2009-01-13 06:38:59',0,0,1,0,0,0,1,'Odio rhoncusmaecenas elitduis exerci wisi nullamauris, mus nonumy vitae nascetur torquent. Quammaecenas faucibus montes dolores penatibus, etiam urnapraesent tempus torquent dui vestibulum.',10,0,'wingnutwingsfarmwarnings','abraham@from-mexico.com',3,18),(23,'2012-04-05 03:30:51',0,0,1,0,1,0,1,'Justo exerci suscipit elitr mus, facilisicurabitur facilisisat nullamauris consetetur lacusut aaenean vitae. Tellus elitr auctor facilisis arcu ullamcorper, commodo malesuada mauris venenatis muspellentesque.',15,0,'wingnutwingsfarmwarnings','kristi@iol.it',8,18),(24,'2014-12-05 20:54:38',0,0,1,0,0,0,1,'Delenit fusce no torquent sodales ipsum. Auctor mazim fringilla tincidunt consequatduis, elit diaminteger nullam.',11,0,'wingnutwingsfarmwarnings','kristi@iol.it',8,18),(25,'2006-06-13 13:48:53',0,0,0,1,0,0,0,'Commodo enimnulla eu. Nonummy proin assum tortor torquent id, te consequatduis massaphasellus ad sodales wisi neque.',3,0,'wingnutwingsfarmwarnings','alondra@boltonfans.com',4,18),(26,'2006-07-01 13:31:25',0,0,1,1,1,0,0,'Placerat accumsannulla egestas quisque, parturient commodo nisised. Lacusut quammaecenas ipsuminteger aliquammauris augue invidunt.',18,0,'wingnutwingsfarmwarnings','nia@mail2taxi.com',10,18),(27,'2006-11-15 15:12:55',0,0,0,1,0,0,0,'Sadipscing eleifend velit tincidunt mattis, nunc consecteturpraesent ultrices viverra eros malesuada. Mazim vero ullamcorper, fusce leopraesent iaculis elitr quammaecenas suspendisse.',17,0,'wingnutwingsfarmwarnings','eugene@mail2bankrupt.com',6,18),(28,'2005-10-24 08:03:55',0,0,0,1,0,1,1,'Nisl nisised curabitur illum. Dictum, leopraesent eirmod option feugiat leo phasellus.',NULL,0,'wingnutwingsfarmwarnings','nia@mail2taxi.com',10,18),(29,'2010-08-13 20:56:01',0,0,0,1,1,0,0,'Pulvinar liberoduis etiam penatibus aenean. Pharetra mus volutpat et, dis duimauris cras ridiculus elit stet phasellus arcumorbi liber.',4,0,'wingnutwingsfarmwarnings','harold@ilovechocolate.com',5,18),(30,'2014-06-27 01:57:48',0,0,0,1,0,0,0,'Ipsumcurabitur leo non, eget conguenulla gubergren metus mus vestibulumnulla. Iriure delenit consecteturpraesent elitvivamus labore doming habitasse, nisi id tortorcurabitur dignissim facer at aptent erosin.',21,0,'wingnutwingsfarmwarnings','eugene@mail2bankrupt.com',6,18),(31,'2013-01-28 07:33:05',0,0,1,1,1,0,1,'Facilisinam conguenulla vehicula odio molestie. Facilisisproin erosin kasd suspendisse, nihil rutrum doming metusdonec.',28,0,'wingnutwingsfarmwarnings','alondra@boltonfans.com',4,18),(32,'2012-01-02 17:45:43',0,0,0,1,0,0,1,'Euismod exerci enim. Bibendumin commodo urnapraesent, voluptua rhoncusmaecenas proin duimauris pellentesque eirmod.',12,0,'wingnutwingsfarmwarnings','nia@mail2taxi.com',10,18),(33,'2011-09-12 14:41:13',0,0,0,0,0,1,1,'Muspellentesque consetetur. Malesuadanullam eratproin eleifend vehicula pulvinarvestibulum nondonec, commodo semvestibulum primis dapibusnam.',10,0,'wingnutwingsfarmwarnings','harold@ilovechocolate.com',5,18),(34,'2011-03-08 21:28:06',0,0,1,1,1,1,0,'Metus fermentum duimauris, dui tempus qui mipellentesque euismod quis facilisis nunccurabitur. Urnamorbi minulla donec risus pharetra.',14,0,'wingnutwingsfarmwarnings','clarissa@the-aliens.com',7,18),(35,'2013-07-23 10:54:38',0,0,1,1,0,1,0,'Urnapraesent volutpat dis esse, massa invidunt stet. Veniam lectusnullam conubia nullasuspendisse, feliscras feugait takimata sodales assum duimauris.',18,0,'wingnutwingsfarmwarnings','harold@ilovechocolate.com',5,18),(36,'2005-08-08 04:56:40',0,0,1,0,1,1,0,'Enimsed lorem blandit variuscras eratproin volutpatut. Id gubergren felissed venenatis per stet, tortor magna faucibusvestibulum possim.',NULL,0,'wingnutwingsfarmwarnings','clarissa@the-aliens.com',7,18),(37,'2006-01-04 00:48:04',0,0,1,0,1,1,0,'Vehicula dis, enimnulla leo dapibus habitant euismod mattis. Ametduis soluta, magnapraesent habitasse pulvinarvestibulum donec nibh maurisaenean.',6,0,'wingnutwingsfarmwarnings','abraham@from-mexico.com',3,18),(38,'2005-02-15 23:11:29',0,0,0,0,0,0,1,'Rutrum congue, qui varius facilisisproin vero bibendum metus exerci. Egestasmauris aliquammauris bibendum, odio ipsuminteger nunc nec hac zzril morbi mipellentesque.',35,0,'wingnutwingsfarmwarnings','rylee@whipmail.com',1,18),(39,'2009-04-02 16:54:23',0,0,1,1,0,0,1,'Sanctus iusto natoque consectetuer pretium vivamus vehicula, eratproin congue varius tortorvestibulum euismod diaminteger bibendumin aliquip. Per purus fames netus, mattis litora rutrum rhoncusmaecenas.',31,0,'wingnutwingsfarmwarnings','harold@ilovechocolate.com',5,18),(40,'2008-01-13 05:06:25',0,0,0,0,1,1,1,'Augue sem. Justo facilisi erat enimaliquam neque sagittis lectus turpis, id mazim adipiscing arcumorbi tortorvestibulum sit.',13,0,'wingnutwingsfarmwarnings','alondra@boltonfans.com',4,18),(41,'2013-09-21 19:48:11',0,0,1,1,0,1,0,'Dignissim ipsuminteger quam blandit. Vestibulumnulla minim tellus.',27,0,'wingnutwingsfarmwarnings','alondra@boltonfans.com',4,18),(42,'2006-03-02 04:21:14',0,0,1,1,0,1,1,'Autem gubergren minulla velit, nobis ipsum mattis. Nunccurabitur montes dictum clita eu eum phasellus, consecteturpraesent nonumy gravida massaphasellus facilisisproin.',20,0,'wingnutwingsfarmwarnings','clarissa@the-aliens.com',7,18),(43,'2006-06-24 06:52:17',0,0,1,0,0,0,1,'Dolor aliquam metus montes tellus. Amet, semvestibulum ultrices quod nibh justocras sodalessed.',32,0,'wingnutwingsfarmwarnings','josephine@fromnevada.com',2,18),(44,'2008-09-09 05:50:38',0,0,0,1,1,0,0,'Quod diaminteger urna duis massapellentesque placerat at, suspendisse ullamcorper wisi ornare accumsan elitvivamus tristique. Justo sit proin penatibus veniam sodalessed laoreet, nisl ac maurisaenean aenean id inceptos consequatduis.',41,0,'wingnutwingsfarmwarnings','alondra@boltonfans.com',4,18),(45,'2008-04-10 10:44:09',0,0,1,1,0,0,0,'Aliquammauris eleifend justocras volutpat, vero nisised dictumst ad mollis. Auctor qui quisque possim taciti commodo a, vehicula accumsannulla duimauris adipiscing minim dolor egestasmauris.',35,0,'wingnutwingsfarmwarnings','josephine@fromnevada.com',2,18),(46,'2013-01-20 02:59:04',0,0,1,0,0,0,0,'Leo elitr. Convallis litora consetetur.',43,0,'wingnutwingsfarmwarnings','abraham@from-mexico.com',3,18),(47,'2008-04-03 14:31:16',0,0,0,1,0,1,0,'Nondonec amet feugiat molestie. Eratproin aliquammauris hendrerit netus, odio dictumstvivamus felissed nonumy class.',22,0,'wingnutwingsfarmwarnings','eugene@mail2bankrupt.com',6,18),(48,'2007-10-06 09:46:32',0,0,1,0,1,0,0,'Lectus adipiscing qui blandit, malesuada feliscras curae mi ad amet sanctus. Sedfusce laoreetphasellus turpis sempermorbi sapien.',36,0,'wingnutwingsfarmwarnings','alondra@boltonfans.com',4,18),(49,'2005-08-15 00:06:03',0,0,0,0,1,0,0,'Faucibusvestibulum integer, volutpat auctor diam consequatduis amet auctormauris. Sea curabitur.',30,0,'wingnutwingsfarmwarnings','harold@ilovechocolate.com',5,18),(50,'2010-07-26 14:35:15',0,0,1,0,0,1,1,'Cubilia aliquip curabitur sit eirmod quam, urnapraesent telluspraesent aliquam aenean. Est vestibulum nunccurabitur ridiculus enimnulla, proin consectetuer bibendumfusce elitr amet nonummy.',45,0,'wingnutwingsfarmwarnings','kristi@iol.it',8,18),(51,'2006-06-09 12:52:13',0,0,1,1,0,0,0,'Sedfusce lectusnullam risus eu varius. Esse donec.',41,0,'wingnutwingsfarmwarnings','kristi@iol.it',8,18),(52,'2011-12-25 15:45:44',0,0,1,0,0,0,0,'Feugiat felis volutpatut bibendumfusce, montes faucibusvestibulum stet ligula tortorvestibulum malesuada risusdonec consequat tellus. In leopraesent metusdonec purus.',9,0,'wingnutwingsfarmwarnings','alondra@boltonfans.com',4,18),(53,'2009-04-03 10:43:17',0,0,0,0,1,0,1,'Telluspraesent accusam vulputate volutpat sollicitudin pretium. At nisl nullamauris facilisinam, accumsan convallis non dolor gubergren liber.',7,0,'wingnutwingsfarmwarnings','abraham@from-mexico.com',3,18),(54,'2010-07-07 17:32:36',0,0,0,0,0,0,1,'Natoque augue faucibus. Veniam dignissim bibendumin rhoncusmaecenas purusvestibulum.',24,0,'wingnutwingsfarmwarnings','kristi@iol.it',8,18),(55,'2008-09-14 06:33:26',0,0,0,1,1,1,1,'Enimsed gravida parturient, ex curae ornare vitae accumsan temporsuspendisse est. Massaphasellus consequatduis dolores enimsed vestibulumnulla mattis.',45,0,'wingnutwingsfarmwarnings','abraham@from-mexico.com',3,18),(56,'2011-11-22 00:30:07',0,0,1,1,0,0,0,'Volutpat ligula rebum cursus, elitr egestas mus eget rhoncusmaecenas facilisisproin curabitur taciti a. Blandit facilisis etiam fermentumfusce clita, mipellentesque cum senectus ut bibendumfusce purus.',21,0,'wingnutwingsfarmwarnings','clarissa@the-aliens.com',7,18),(57,'2014-01-07 08:26:37',0,0,1,1,1,1,0,'Urnamorbi nibh diaminteger ipsuminteger te, enim antesuspendisse invidunt. Tation aliquammauris inceptos rhoncus orci.',14,0,'wingnutwingsfarmwarnings','clarissa@the-aliens.com',7,18),(58,'2005-02-20 23:01:35',0,0,1,1,0,0,1,'Dis in ultriciespellentesque, eleifend urnapraesent duo luctus pharetra. Scelerisque interdum vehicula.',21,0,'wingnutwingsfarmwarnings','josephine@fromnevada.com',2,18),(59,'2012-07-22 10:43:27',0,0,0,1,0,1,0,'Maurisaenean antesuspendisse egestas consetetur, esse quammaecenas vestibulumnulla dictum. Erat montes.',25,0,'wingnutwingsfarmwarnings','clarissa@the-aliens.com',7,18),(60,'2010-03-23 02:30:30',0,0,0,0,0,0,0,'Cum magnis minim aliquyam fusce penatibus. Elitnunc nibh varius.',28,0,'wingnutwingsfarmwarnings','kristi@iol.it',8,18),(61,'2008-03-17 23:31:55',0,0,0,1,0,1,1,'Consequat laoreet congue volutpat, proin facilisisproin tempor. Ridiculus turpis.',51,0,'wingnutwingsfarmwarnings','rylee@whipmail.com',1,18),(62,'2011-08-20 17:47:54',0,0,1,1,1,1,0,'Takimata penatibus lacinia tempor maurisaenean odio elitr, ultricies eget elitnunc nibh elementum semvestibulum fermentum. Delenit posuere pulvinarvestibulum minim variuscras augue sanctus, curabitur cum veniam te consequatduis.',20,0,'wingnutwingsfarmwarnings','rylee@whipmail.com',1,18),(63,'2013-08-24 13:14:54',0,0,1,1,0,1,1,'Maurisaenean facilisisat nulla morbi facer rhoncus, eirmod magnapraesent facilisis tempor lorem condimentum cum dolore pharetra. No sodalessed imperdietaliquam quod posuere.',38,0,'wingnutwingsfarmwarnings','rylee@whipmail.com',1,18),(64,'2013-03-24 18:42:52',0,0,1,1,1,0,1,'Magnis nonummy augue. Risus, lacusnulla velit hendrerit muspellentesque ametduis aliquet.',26,0,'wingnutwingsfarmwarnings','yolanda@mail2anna.com',9,18),(65,'2014-12-16 09:46:46',0,0,1,0,1,0,0,'Lectus magnapraesent urnamorbi te habitasse exerci, aliquyam fringilla quod venenatis illum sit. Libero feugait eirmod sociosqu praesent natoque, facilisicurabitur convallis kasd massapellentesque facer laoreetphasellus esse ultrices in.',41,0,'wingnutwingsfarmwarnings','abraham@from-mexico.com',3,18),(66,'2007-12-28 04:29:29',0,0,1,0,0,1,0,'Temporsuspendisse quisaenean condimentum soluta facilisisproin, liberoduis adipiscing nequeetiam lobortisetiam zzril elitvivamus nonummy. Liberoduis orci no consequatduis vulputate.',12,0,'wingnutwingsfarmwarnings','kristi@iol.it',8,18),(67,'2012-03-26 05:34:15',0,0,0,0,0,0,0,'Fermentumfusce sedfusce vestibulum facilisisat taciti, neque scelerisque liber nobis hac urnamorbi cras. Ullamcorper variuscras eu dapibusnam imperdiet sociosqu.',48,0,'wingnutwingsfarmwarnings','eugene@mail2bankrupt.com',6,18),(68,'2008-09-28 03:29:45',0,0,1,0,0,1,1,'Suscipit metusdonec aptent ipsuminteger. Semper curabitur ultricies a ante himenaeos, enim lacusut eu tortorvestibulum odio nisised fermentum.',56,0,'wingnutwingsfarmwarnings','eugene@mail2bankrupt.com',6,18),(69,'2014-04-15 12:47:56',0,0,1,1,0,0,1,'Libero in non option diam pulvinar, iriure dapibus suspendisse nondonec. Nullasuspendisse sed purusvestibulum pretium non, nunc velit eos liberoduis.',9,0,'wingnutwingsfarmwarnings','abraham@from-mexico.com',3,18),(70,'2012-07-16 22:58:36',0,0,1,0,1,0,1,'Lorem conubia at enimaliquam, montes facilisi nostrud exerci dolores magna. Penatibus hendrerit tellus tristique, lacinia lorem tempor a quammaecenas.',64,0,'wingnutwingsfarmwarnings','harold@ilovechocolate.com',5,18),(71,'2011-09-06 20:51:49',0,0,1,0,1,1,0,'Duis bibendum. Erosin consequat varius phasellus justocras metusdonec aliquammauris, nonumy mus arcumorbi fames ex dui.',56,0,'wingnutwingsfarmwarnings','rylee@whipmail.com',1,18),(72,'2012-08-18 20:02:42',0,0,0,1,0,1,1,'Massa vestibulumnulla facilisicurabitur auctor. Tortor congue elementum, montes sagittis laoreetphasellus magnapraesent quam dapibusnam liberoduis.',47,0,'wingnutwingsfarmwarnings','clarissa@the-aliens.com',7,18),(73,'2013-08-09 19:20:43',0,0,0,1,1,0,1,'Praesent egestas leo sea, maurisaenean volutpatut fringilla taciti. Urnapraesent dolor magnainteger lacusnulla enimnulla.',29,0,'wingnutwingsfarmwarnings','nia@mail2taxi.com',10,18),(74,'2014-04-07 21:58:26',0,0,0,1,1,1,1,'Malesuadanullam sociosqu elitvivamus facilisisproin. Bibendum montes interdumdonec veniam.',31,0,'wingnutwingsfarmwarnings','rylee@whipmail.com',1,18),(75,'2008-05-04 17:26:03',0,0,1,0,0,1,0,'Ac euismod invidunt. Doming fermentum convallis.',7,0,'wingnutwingsfarmwarnings','clarissa@the-aliens.com',7,18),(76,'2010-11-24 11:30:16',0,0,1,1,1,1,0,'Etiam zzril. Enimnulla liberoduis mus, lobortisetiam aenean hac justo urna sed.',40,0,'wingnutwingsfarmwarnings','rylee@whipmail.com',1,18),(77,'2008-08-08 15:09:37',0,0,1,1,0,0,0,'Autem porttitor nisl, massaphasellus felis dignissim eu doming turpis. Neque orci nonumy habitasse cubilia rhoncusmaecenas, facilisisproin mattis magnainteger odio interdum himenaeos tempus.',68,0,'wingnutwingsfarmwarnings','josephine@fromnevada.com',2,18),(78,'2009-11-01 22:01:08',0,0,1,1,1,0,1,'Takimata nam nostra nondonec. Facilisisproin libero adipiscing magnis ornare.',11,0,'wingnutwingsfarmwarnings','eugene@mail2bankrupt.com',6,18),(79,'2005-11-01 03:20:25',0,0,0,1,1,0,0,'Porta lacus tempor quam sea. Diam kasd ullamcorper bibendum dictumstvivamus lacusut ornare amet, maecenas venenatis senectus lectus facilisis proin.',6,0,'wingnutwingsfarmwarnings','alondra@boltonfans.com',4,18),(80,'2009-08-02 01:38:13',0,0,1,0,0,1,0,'Volutpatut conguenulla risus gubergren dolores. Eros muspellentesque volutpat dignissim.',75,0,'wingnutwingsfarmwarnings','yolanda@mail2anna.com',9,18),(81,'2009-09-28 23:40:02',0,0,1,0,0,0,0,'Nisl placerat egestasmauris te vulputate montes. Leo variuscras quammaecenas minulla sit nonumy.',62,0,'wingnutwingsfarmwarnings','nia@mail2taxi.com',10,18),(82,'2008-12-02 06:37:08',0,0,0,0,0,1,0,'Tortorvestibulum dui, nequeetiam urna variuscras a dignissim curabitur illum. Lacusnulla liberoduis wisi pretium nunccurabitur aliquammauris lobortis kasd, faucibus imperdiet pharetra justo massapellentesque sed duimauris.',80,0,'wingnutwingsfarmwarnings','abraham@from-mexico.com',3,18),(83,'2005-09-07 14:23:45',0,0,1,0,0,1,0,'Suscipit rhoncus praesent eget et potenti sempermorbi, curae cras esse tortor libero lectus. Aliquip aliquet liberoduis.',54,0,'wingnutwingsfarmwarnings','clarissa@the-aliens.com',7,18),(84,'2011-07-01 01:08:44',0,0,1,1,0,0,1,'Consecteturpraesent interdumdonec, liber tation hendrerit facilisis phasellus tempor elitr. Erat urna eum dolore ac, doming quam vulputate primis arcumorbi malesuada a nec.',26,0,'wingnutwingsfarmwarnings','eugene@mail2bankrupt.com',6,18),(85,'2011-06-15 06:43:28',0,0,1,0,0,0,0,'Eu sapien ultricies amet conubia laoreet, maurisaenean adipiscing facilisi aliquammauris libero facilisisproin lacusut class. Duo elitnunc malesuada, vehicula dolores urnapraesent morbi lectusnullam bibendum tortor nisi.',57,0,'wingnutwingsfarmwarnings','eugene@mail2bankrupt.com',6,18),(86,'2007-09-23 01:04:45',0,0,0,0,0,0,1,'Nibh auctor maecenas. Dis dolores nibh ipsuminteger condimentum.',15,0,'wingnutwingsfarmwarnings','nia@mail2taxi.com',10,18),(87,'2011-10-21 21:28:56',0,0,0,0,1,0,0,'Justo varius per imperdietaliquam justocras, invidunt laoreetphasellus sagittis mipellentesque elit. Suscipit posuere.',63,0,'wingnutwingsfarmwarnings','nia@mail2taxi.com',10,18),(88,'2008-12-23 01:02:19',0,0,1,0,1,1,0,'Clita sagittis nequeetiam a erosin eirmod dignissim liber, curabitur qui risus antesuspendisse elitnunc nullam. Ornare lobortis erat rhoncus urnapraesent mi.',25,0,'wingnutwingsfarmwarnings','rylee@whipmail.com',1,18),(89,'2006-08-01 06:18:17',0,0,0,1,0,1,0,'Quammaecenas urnapraesent mipellentesque mazim dapibus, consetetur consequat arcumorbi. Soluta sadipscing aliquammauris cras urnamorbi, ornare vehicula te.',15,0,'wingnutwingsfarmwarnings','rylee@whipmail.com',1,18),(90,'2012-09-26 21:41:55',0,0,0,1,0,1,0,'Dignissim ut augue, minim aliquam variuscras accusam mipellentesque habitant nam illum. Nisl pellentesque neque maecenas.',9,0,'wingnutwingsfarmwarnings','rylee@whipmail.com',1,18),(91,'2007-03-28 04:34:07',0,0,1,0,0,1,0,'Dignissim aliquyam maurisaenean commodo elitr, morbi eleifend aliquip. Nullasuspendisse metusdonec tortorcurabitur, imperdiet condimentum consequat massapellentesque vulputate aliquip faucibus vero.',40,0,'wingnutwingsfarmwarnings','josephine@fromnevada.com',2,18),(92,'2011-07-07 11:18:28',0,0,0,1,0,0,0,'Primis vulputate, interdum urnapraesent lorem elitduis odio antesuspendisse praesent. Felis exerci possim.',60,0,'wingnutwingsfarmwarnings','harold@ilovechocolate.com',5,18),(93,'2010-01-16 15:45:43',0,0,0,1,1,0,1,'Amet nondonec accumsan et metus, ut urna elitduis ullamcorper imperdietaliquam elit no massa lobortis. Orci muspellentesque montes tempor bibendumin eros.',22,0,'wingnutwingsfarmwarnings','kristi@iol.it',8,18),(94,'2007-12-27 01:26:24',0,0,0,1,1,0,0,'Urna erat faucibusvestibulum sedfusce amet iriure. Temporsuspendisse hendrerit vulputate mattis, nullam telluspraesent nequeetiam nullamauris ac proin.',9,0,'wingnutwingsfarmwarnings','eugene@mail2bankrupt.com',6,18),(95,'2008-06-16 01:55:27',0,0,1,1,1,0,1,'Sagittis dignissim autem eirmod aliquammauris, magnapraesent eratproin auctor ligula lobortis ante luptatum. Magnis bibendumin.',56,0,'wingnutwingsfarmwarnings','alondra@boltonfans.com',4,18),(96,'2007-10-28 14:49:06',0,0,0,0,0,1,0,'At sem tempor consectetur orci accumsannulla primis, magnainteger nibh nondonec viverra mipellentesque kasd purus praesent. Malesuadanullam sed egestasmauris magnapraesent.',91,0,'wingnutwingsfarmwarnings','abraham@from-mexico.com',3,18),(97,'2010-06-12 22:34:33',0,0,1,0,1,1,1,'Nullamauris massapellentesque quisque, adipiscing pharetra varius quisaenean risus. Purus lectus gravida inceptos muspellentesque, commodo nullamauris lacus iaculis congue vulputate nisi facilisisproin.',67,0,'wingnutwingsfarmwarnings','harold@ilovechocolate.com',5,18),(98,'2008-09-20 23:11:26',0,0,0,1,0,1,1,'Commodo felis, aptent hendrerit semvestibulum duo inceptos. Fusce non platea a vestibulumnulla suspendisse.',83,0,'wingnutwingsfarmwarnings','clarissa@the-aliens.com',7,18),(99,'2010-08-28 17:50:33',0,0,1,1,1,1,1,'Dolores condimentum mollis cras, labore aliquammauris sodales nostrud. Maecenas dignissim variuscras interdum.',52,0,'wingnutwingsfarmwarnings','rylee@whipmail.com',1,18),(100,'2011-03-25 08:01:13',0,0,0,0,0,0,1,'Libero consetetur ex, ultrices eum elitduis invidunt a ipsuminteger. Congue suscipit tortor magnis semvestibulum.',23,0,'wingnutwingsfarmwarnings','eugene@mail2bankrupt.com',6,18),(101,'2013-09-04 20:05:49',0,0,1,0,0,0,0,'Leopraesent gravida natoque semper, platea duis nondonec. Porttitor clita volutpat ipsumcurabitur luctus, dolores orci facilisinam felissed conguenulla fermentum varius ipsuminteger nisl.',80,0,'wingnutwingsfarmwarnings','josephine@fromnevada.com',2,18),(102,'2006-04-20 07:52:40',0,0,0,0,0,0,0,'Taciti convallis venenatis cursus. Euismod magnis lorem sit metusdonec, nondonec faucibus eros kasd fermentumfusce minim nibh lacus.',74,0,'wingnutwingsfarmwarnings','kristi@iol.it',8,18),(103,'2008-12-09 06:18:47',0,0,0,0,0,1,0,'Integer eratproin. Hendrerit lacusut.',101,0,'wingnutwingsfarmwarnings','clarissa@the-aliens.com',7,18),(104,'2007-09-05 13:11:54',0,0,0,0,0,1,0,'Ametduis feugait gubergren libero. Ipsum voluptua elitnunc.',35,0,'wingnutwingsfarmwarnings','yolanda@mail2anna.com',9,18),(105,'2006-10-14 22:46:42',0,0,1,1,0,1,1,'Felis liber doming, dictum litora mipellentesque ullamcorper consequat bibendumfusce ultriciespellentesque nascetur. Facilisisat nam arcumorbi fusce senectus eum.',77,0,'wingnutwingsfarmwarnings','yolanda@mail2anna.com',9,18),(106,'2011-01-06 14:05:22',0,0,1,0,1,0,0,'Conguenulla urnamorbi interdumdonec venenatis, nonumy imperdietaliquam accumsan. Ultrices dapibus urnamorbi lobortis.',83,0,'wingnutwingsfarmwarnings','alondra@boltonfans.com',4,18),(107,'2012-08-16 06:45:35',0,0,1,0,0,1,1,'Sem, curae tortor turpis nisi interdum auctor. Ametduis facilisis nondonec venenatis magnis te.',100,0,'wingnutwingsfarmwarnings','yolanda@mail2anna.com',9,18),(108,'2005-07-15 23:10:27',0,0,1,1,1,0,0,'Cum stet sedfusce donec platea, sed tortor elitr urnamorbi libero cras in enimnulla. Consequat accusam quisaenean nobis.',101,0,'wingnutwingsfarmwarnings','clarissa@the-aliens.com',7,18),(109,'2012-03-26 17:35:57',0,0,0,1,0,1,0,'Minim mi sem condimentum massapellentesque sagittis. Tempus qui.',54,0,'wingnutwingsfarmwarnings','yolanda@mail2anna.com',9,18),(110,'2007-07-28 08:39:29',0,0,1,1,1,0,0,'Venenatis sociosqu nullamauris lacusnulla phasellus. Illum lorem habitant vero urnapraesent, convallis nam fames platea.',53,0,'wingnutwingsfarmwarnings','kristi@iol.it',8,18),(111,'2010-12-06 12:20:02',0,0,0,0,1,1,1,'Telluspraesent sed sapien elit invidunt. Tempor et.',99,0,'wingnutwingsfarmwarnings','clarissa@the-aliens.com',7,18),(112,'2013-03-20 10:30:14',0,0,0,1,1,1,1,'Risusdonec ultrices libero sodalessed nibh vestibulumnulla. Libero a venenatis pharetra, scelerisque eu veniam dolores eratproin vivamus varius pretium donec.',100,0,'wingnutwingsfarmwarnings','harold@ilovechocolate.com',5,18),(113,'2008-05-09 03:02:42',0,0,0,1,1,0,0,'Penatibus viverra imperdiet. Tristique pellentesque mazim aptent.',108,0,'wingnutwingsfarmwarnings','clarissa@the-aliens.com',7,18),(114,'2007-06-09 09:17:29',0,0,1,0,0,0,1,'Arcu urnapraesent malesuadanullam enim quammaecenas malesuada. Enimaliquam nullasuspendisse morbi venenatis, liber zzril gubergren integer cras feliscras felissed dictumst invidunt.',87,0,'wingnutwingsfarmwarnings','alondra@boltonfans.com',4,18),(115,'2009-07-20 10:44:51',0,0,0,1,1,1,1,'Risus nullasuspendisse arcumorbi lobortis litora sodalessed, purus posuere aenean cursus. Elementum placerat minim imperdietaliquam soluta.',83,0,'wingnutwingsfarmwarnings','clarissa@the-aliens.com',7,18),(116,'2006-11-02 09:21:53',0,0,0,1,0,1,1,'Blandit nascetur ad facilisisproin laoreetphasellus, volutpat dapibus vestibulum egestas cursus. Mipellentesque tincidunt feugait integer primis.',82,0,'wingnutwingsfarmwarnings','abraham@from-mexico.com',3,18),(117,'2010-03-28 01:05:54',0,0,1,1,0,0,1,'Enimsed eum elitvivamus sodalessed facer, massa justocras mipellentesque inceptos himenaeos platea ea accusam. Ut sodales felis, litora nostra metusdonec lacinia urnamorbi dis.',52,0,'wingnutwingsfarmwarnings','harold@ilovechocolate.com',5,18),(118,'2012-12-14 11:46:01',0,0,1,1,1,0,1,'Pharetra magna erosin urnamorbi, sedfusce enim class exerci rhoncus tortorvestibulum mi nullasuspendisse. Phasellus ametduis, quod pellentesque habitant litora egestasmauris qui.',56,0,'wingnutwingsfarmwarnings','kristi@iol.it',8,18),(119,'2010-03-05 20:19:25',0,0,1,1,0,1,0,'Posuere kasd. Est qui leopraesent elitr, lorem vero volutpatut faucibus semvestibulum minulla veniam elementum ipsumcurabitur.',103,0,'wingnutwingsfarmwarnings','harold@ilovechocolate.com',5,18),(120,'2007-05-01 23:00:25',0,0,1,0,1,0,0,'Scelerisque minulla dolore, eleifend zzril lectusnullam mipellentesque purus libero luctus. Tortorcurabitur liber ac consequat pretium ante.',34,0,'wingnutwingsfarmwarnings','josephine@fromnevada.com',2,18),(121,'2014-03-22 21:29:19',0,0,0,1,1,1,0,'Urna euismod, ex duo tempor ea fermentumfusce. Elitr et assum, mipellentesque iaculis nostrud hac bibendumin cum.',67,0,'wingnutwingsfarmwarnings','josephine@fromnevada.com',2,18),(122,'2012-06-22 08:41:20',0,0,0,0,0,0,1,'Sed tempor purus quammaecenas, mipellentesque option elit duo lobortis montes luptatum antesuspendisse. Pulvinar qui duo, massa varius consequatduis imperdietaliquam.',43,0,'wingnutwingsfarmwarnings','nia@mail2taxi.com',10,18),(123,'2011-05-27 07:31:39',0,0,1,0,1,1,0,'Option fermentumfusce orci minulla consetetur, auctor risus arcu duimauris tortorvestibulum clita volutpatut veniam. Stet dictumstvivamus conubia tation adipiscing, sed quam tortor sanctus invidunt aliquip.',81,0,'wingnutwingsfarmwarnings','clarissa@the-aliens.com',7,18),(124,'2014-04-03 03:41:34',0,0,1,0,1,1,1,'Magna orci sodales lobortis ipsumcurabitur, aaenean ornare interdumdonec massa lacusnulla auctor. Risus pulvinar cubilia nequeetiam sanctus.',117,0,'wingnutwingsfarmwarnings','yolanda@mail2anna.com',9,18),(125,'2009-07-09 07:51:38',0,0,0,0,0,1,0,'Aenean facilisi feugait pretium. Pulvinar felis bibendumin.',8,0,'wingnutwingsfarmwarnings','harold@ilovechocolate.com',5,18),(126,'2007-02-05 15:18:35',0,0,0,0,1,0,1,'Accusam assum turpis bibendumfusce vehicula autem, dignissim ullamcorper veniam risusdonec option lacus sodales. Cubilia feugiat aliquip sociosqu neque soluta.',113,0,'wingnutwingsfarmwarnings','josephine@fromnevada.com',2,18),(127,'2010-03-07 09:23:58',0,0,0,1,0,1,0,'Interdum tempor potenti est tincidunt duimauris, labore feugait facilisisproin enimaliquam invidunt. Scelerisque cras laoreetphasellus bibendumin eirmod diam, class aenean option consetetur fermentum felis duo.',94,0,'wingnutwingsfarmwarnings','abraham@from-mexico.com',3,18),(128,'2008-06-22 20:10:47',0,0,1,1,0,1,1,'Leo potenti ipsum nisl diam ultricies at, habitant a neque blandit et lacusut venenatis consequatduis. Ridiculus sanctus auctor pellentesque malesuadanullam imperdietaliquam, tortorcurabitur liberoduis esse mi.',41,0,'wingnutwingsfarmwarnings','rylee@whipmail.com',1,18),(129,'2013-04-04 18:01:31',0,0,0,0,0,1,1,'Vel risusdonec elitvivamus bibendum, mus nequeetiam natoque morbi sociis suscipit laoreetphasellus. Fringilla eirmod habitant blandit faucibusvestibulum labore soluta, quod aaenean sociis laoreetphasellus ligula libero.',59,0,'wingnutwingsfarmwarnings','rylee@whipmail.com',1,18),(130,'2007-01-15 09:01:26',0,0,1,0,0,1,0,'Faucibus velit ut, minulla varius rhoncus convallis inceptos leo zzril illum. Bibendumfusce ea nibh vel clita integer, luptatum primis dictumst magnapraesent.',70,0,'wingnutwingsfarmwarnings','abraham@from-mexico.com',3,18),(131,'2010-07-01 18:30:38',0,0,1,0,0,1,1,'Semvestibulum facer. Interdumdonec massapellentesque ad.',69,0,'wingnutwingsfarmwarnings','nia@mail2taxi.com',10,18),(132,'2014-01-08 01:44:29',0,0,1,0,1,1,0,'Posuere erat. Laoreet ridiculus potenti ac integer exerci.',60,0,'wingnutwingsfarmwarnings','alondra@boltonfans.com',4,18),(133,'2007-05-11 00:30:57',0,0,0,1,0,0,1,'Tortor auctor consequatduis gravida, eu tortorcurabitur autem egestas felis tempor enimsed enim penatibus. Quisaenean sanctus enimsed auctor massapellentesque, convallis sociosqu lectus elit orci.',27,0,'wingnutwingsfarmwarnings','rylee@whipmail.com',1,18),(134,'2006-11-16 14:15:19',0,0,1,0,1,1,1,'Lacinia possim liber aliquammauris minim. Primis voluptua orci aliquam, dapibus duimauris eget libero elementum esse nunccurabitur auctormauris.',98,0,'wingnutwingsfarmwarnings','yolanda@mail2anna.com',9,18),(135,'2006-09-16 04:02:16',0,0,0,0,0,0,1,'Sagittis eum veniam a telluspraesent, luctus voluptua nibh accumsan ornare ipsuminteger. Cursus diaminteger mi a lorem, est urnapraesent quammaecenas vero fringilla rebum.',56,0,'wingnutwingsfarmwarnings','alondra@boltonfans.com',4,18),(136,'2006-01-05 10:08:19',0,0,1,0,1,1,0,'Dapibus aliquet lectus interdumdonec liber, magna eos dictumstvivamus facilisisproin ac. Qui himenaeos nullasuspendisse cum commodo diam, fusce non ridiculus laoreet.',69,0,'wingnutwingsfarmwarnings','alondra@boltonfans.com',4,18),(137,'2006-01-13 03:45:01',0,0,0,1,1,0,0,'Aliquip proin arcumorbi ad. Luptatum aptent muspellentesque sapien clita, magnainteger nonummy elitduis commodo lobortisetiam.',60,0,'wingnutwingsfarmwarnings','kristi@iol.it',8,18),(138,'2011-07-12 06:20:02',0,0,1,1,0,0,0,'Bibendumin massa interdumdonec curabitur, ultricies no non donec. Lacus magnapraesent accumsan a, tempor sapien consectetuer variuscras nec sed sadipscing senectus quod.',100,0,'wingnutwingsfarmwarnings','clarissa@the-aliens.com',7,18),(139,'2006-02-16 15:06:32',0,0,0,0,1,1,0,'Wisi, nondonec platea iusto malesuada accusam congue. Tristique aliquyam invidunt ultricies enimaliquam quam.',23,0,'wingnutwingsfarmwarnings','rylee@whipmail.com',1,18),(140,'2006-12-01 22:01:40',0,0,1,1,1,0,1,'Mattis tristique aenean non ultricies. Vivamus nullamauris liberoduis aaenean, vehicula dapibus lacusnulla eos posuere lectus in.',76,0,'wingnutwingsfarmwarnings','yolanda@mail2anna.com',9,18),(141,'2012-02-25 11:33:00',0,0,1,1,1,1,1,'Purus veniam, muspellentesque ipsuminteger curae ut faucibusvestibulum. Aliquammauris per tortorcurabitur phasellus quisque facilisinam suspendisse, fermentum rhoncus labore venenatis orci.',35,0,'wingnutwingsfarmwarnings','alondra@boltonfans.com',4,18),(142,'2012-08-13 11:52:32',0,0,1,0,0,0,0,'Blandit elitr auctormauris massa rebum, non neque consequat ultrices enimnulla velit aliquyam. Porta litora condimentum nequeetiam, no nonumy elitr.',49,0,'wingnutwingsfarmwarnings','eugene@mail2bankrupt.com',6,18),(143,'2014-09-12 22:54:27',0,0,0,0,0,0,1,'Massapellentesque eos non congue, accusam labore odio nobis tempor hendrerit nulla invidunt suscipit. Lectus soluta magnapraesent consetetur magnainteger.',44,0,'wingnutwingsfarmwarnings','eugene@mail2bankrupt.com',6,18),(144,'2006-01-19 04:29:47',0,0,1,0,1,0,0,'Dignissim congue litora kasd euismod lacinia nam, nisised felissed metus egestasmauris volutpatut. Nisised sociis metus sedfusce ultricies, consectetuer dictumst mazim gravida nascetur urnapraesent iusto muspellentesque suscipit.',10,0,'wingnutwingsfarmwarnings','harold@ilovechocolate.com',5,18),(145,'2012-01-27 01:52:17',0,0,0,0,1,0,0,'Accumsan nunccurabitur, ridiculus sem himenaeos vivamus nec erat. Fermentum egestasmauris doming kasd semper, arcumorbi liberoduis lacus mazim cubilia natoque.',139,0,'wingnutwingsfarmwarnings','alondra@boltonfans.com',4,18),(146,'2007-01-10 10:36:47',0,0,1,0,0,0,1,'Vulputate nam leo. Laoreetphasellus luptatum muspellentesque qui, nullam euismod tortor imperdiet.',66,0,'wingnutwingsfarmwarnings','alondra@boltonfans.com',4,18),(147,'2006-05-01 22:38:33',0,0,1,0,1,1,1,'Antesuspendisse lobortis urnamorbi clita, cursus sed minulla. Varius aliquam.',51,0,'wingnutwingsfarmwarnings','alondra@boltonfans.com',4,18),(148,'2006-12-26 08:25:02',0,0,0,1,0,0,1,'Luptatum quis nulla delenit. Vivamus litora tincidunt, veniam odio maurisaenean curae nonumy duimauris feliscras.',131,0,'wingnutwingsfarmwarnings','clarissa@the-aliens.com',7,18),(149,'2008-10-18 16:36:08',0,0,0,0,0,0,1,'Elitnunc dapibus labore sem dis vestibulum at, nec pharetra himenaeos accumsannulla sociis metus ligula dui. Taciti duis ad nisi, liberoduis sadipscing arcu proin.',10,0,'wingnutwingsfarmwarnings','harold@ilovechocolate.com',5,18),(150,'2014-03-28 23:30:34',0,0,1,1,0,0,1,'Felissed tempus arcu, ipsuminteger sem nequeetiam vel. Accumsan sit, quisque condimentum metusdonec ac mi accumsannulla.',101,0,'wingnutwingsfarmwarnings','abraham@from-mexico.com',3,18),(151,'2005-12-11 04:59:07',0,0,1,1,1,0,1,'Vel nullamauris, ullamcorper facilisicurabitur dictumst te cursus euismod. Nascetur facer parturient gubergren id, consecteturpraesent blandit vestibulum ut feugait aliquip nonummy nullasuspendisse dis.',41,0,'wingnutwingsfarmwarnings','harold@ilovechocolate.com',5,18),(152,'2006-12-20 14:18:33',0,0,1,0,0,1,0,'Ametduis, tortorvestibulum nunccurabitur commodo vestibulumnulla viverra tortorcurabitur. Cras ultriciespellentesque facilisicurabitur, facilisisproin lacinia auctor dictumstvivamus nisi.',64,0,'wingnutwingsfarmwarnings','rylee@whipmail.com',1,18),(153,'2012-04-11 11:07:03',0,0,1,1,0,0,0,'Placerat dignissim tation aliquammauris velit, kasd aenean malesuada et feliscras nulla duis. No sea wisi.',65,0,'wingnutwingsfarmwarnings','eugene@mail2bankrupt.com',6,18),(154,'2009-07-09 23:44:06',0,0,0,1,0,1,1,'Ut fermentum pulvinar elitnunc parturient, inceptos elementum lobortisetiam sea. Nulla tortorcurabitur scelerisque.',144,0,'wingnutwingsfarmwarnings','josephine@fromnevada.com',2,18),(155,'2011-03-08 10:50:05',0,0,1,0,0,0,1,'Gubergren faucibus mollis cursus dis ea, enimsed venenatis eum taciti lorem lacusut elit. Litora primis zzril hac, nascetur elitnunc rebum mattis ultrices ligula sapien.',153,0,'wingnutwingsfarmwarnings','nia@mail2taxi.com',10,18),(156,'2011-06-21 18:44:53',0,0,0,0,1,0,0,'Vestibulumnulla facer erat nondonec quisque, eget massa eu ligula auctormauris eratproin. Takimata ipsuminteger augue magnapraesent consetetur, ligula rebum massaphasellus tincidunt morbi bibendum nisised purusvestibulum sem ornare.',1,0,'wingnutwingsfarmwarnings','alondra@boltonfans.com',4,18),(157,'2010-03-13 07:25:35',0,0,0,1,0,1,1,'Nam posuere natoque mi illum. Volutpat tempus ea, option delenit habitasse praesent.',49,0,'wingnutwingsfarmwarnings','nia@mail2taxi.com',10,18),(158,'2010-01-18 16:14:37',0,0,0,0,1,0,0,'Lectus vulputate leo nonummy, ullamcorper netus liber. Ipsumcurabitur vestibulumnulla enimaliquam congue option.',109,0,'wingnutwingsfarmwarnings','harold@ilovechocolate.com',5,18),(159,'2011-05-25 08:25:26',0,0,0,1,0,1,0,'Autem aliquammauris ligula platea egestas sedfusce. Aaenean sem.',13,0,'wingnutwingsfarmwarnings','eugene@mail2bankrupt.com',6,18),(160,'2010-03-25 00:59:36',0,0,0,0,1,0,1,'Sodalessed magnapraesent takimata fusce soluta rutrum. Non quisque pellentesque inceptos consecteturpraesent enim, diaminteger quam eum sodales kasd eratproin ipsuminteger sea eros.',147,0,'wingnutwingsfarmwarnings','yolanda@mail2anna.com',9,18),(161,'2011-02-10 00:01:25',0,0,1,0,0,0,0,'Eirmod tation, lobortis taciti sit nam sodales metus possim. Dolor lorem urnapraesent cubilia fames, feugiat stet proin.',22,0,'wingnutwingsfarmwarnings','rylee@whipmail.com',1,18),(162,'2008-10-27 16:48:51',0,0,0,1,0,0,0,'Libero faucibusvestibulum sit elitduis, inceptos ultriciespellentesque porttitor soluta tincidunt arcumorbi magna. Mauris sociis nonummy lacusut, elementum ligula laoreet sagittis eum vero odio iaculis veniam.',156,0,'wingnutwingsfarmwarnings','kristi@iol.it',8,18),(163,'2005-01-20 03:14:52',0,0,1,1,1,0,1,'Porta eum morbi. Variuscras quod sollicitudin nullamauris vestibulumnulla nulla potenti, sanctus iaculis nondonec assum ametduis dis semvestibulum.',81,0,'wingnutwingsfarmwarnings','abraham@from-mexico.com',3,18),(164,'2010-07-09 06:20:10',0,0,0,0,1,1,0,'Leopraesent malesuada. Per elitr fermentum turpis consectetur facilisi nobis tortorcurabitur, etiam habitasse ullamcorper justo iaculis magnainteger tristique.',35,0,'wingnutwingsfarmwarnings','abraham@from-mexico.com',3,18),(165,'2005-09-19 01:21:51',0,0,0,0,0,1,1,'Qui tempor. Tortor labore varius augue, volutpatut vivamus nisi facilisisproin felissed ultricies dis.',136,0,'wingnutwingsfarmwarnings','yolanda@mail2anna.com',9,18),(166,'2014-04-09 18:47:28',0,0,1,1,1,0,0,'Aaenean facer condimentum duo, cursus sanctus pretium mus kasd. Soluta bibendumfusce, magnainteger aliquip accumsannulla massapellentesque sem.',161,0,'wingnutwingsfarmwarnings','yolanda@mail2anna.com',9,18),(167,'2005-11-07 12:26:12',0,0,1,0,1,1,0,'Auctormauris eget viverra per nec consequat vero, metus aliquip accusam luptatum egestasmauris nisi eratproin. Sapien lacinia elitvivamus lectus mazim conguenulla.',2,0,'wingnutwingsfarmwarnings','kristi@iol.it',8,18),(168,'2013-02-14 16:08:31',0,0,0,0,1,1,1,'Nisl justo nequeetiam felissed temporsuspendisse, mollis takimata iaculis vero aenean esse hendrerit rhoncus aliquam nonumy. Consequat commodo class aaenean, nisised lectusnullam ante dis ridiculus ipsum sempermorbi.',114,0,'wingnutwingsfarmwarnings','nia@mail2taxi.com',10,18),(169,'2014-04-20 14:34:06',0,0,1,1,1,1,1,'Felis erat. Laoreetphasellus sedfusce integer.',110,0,'wingnutwingsfarmwarnings','kristi@iol.it',8,18),(170,'2005-02-09 04:50:39',0,0,1,0,0,0,1,'Minim quam curabitur, suspendisse consetetur fringilla malesuada tortorcurabitur arcumorbi zzril urnamorbi. Venenatis te, ad sociis ultrices esse aliquip tellus.',125,0,'wingnutwingsfarmwarnings','yolanda@mail2anna.com',9,18),(171,'2010-01-13 12:26:59',0,0,1,0,1,1,1,'Commodo cum muspellentesque posuere est illum, natoque eratproin tempor qui doming sociosqu nunc. Adipiscing magnis per dolores lectusnullam arcu.',23,0,'wingnutwingsfarmwarnings','kristi@iol.it',8,18),(172,'2008-11-10 11:50:27',0,0,0,0,1,0,1,'Etiam sadipscing ultrices magnainteger sedfusce clita, vel eirmod elit enimsed. Duimauris convallis blandit consectetuer felissed, feliscras veniam conguenulla ea ullamcorper velit senectus ipsuminteger.',138,0,'wingnutwingsfarmwarnings','eugene@mail2bankrupt.com',6,18),(173,'2012-11-05 06:19:35',0,0,0,0,0,0,0,'Venenatis lacus facilisisproin. Non commodo libero.',87,0,'wingnutwingsfarmwarnings','josephine@fromnevada.com',2,18),(174,'2014-10-22 14:52:55',0,0,1,1,1,1,1,'Auctormauris suscipit platea. Option qui fermentum.',131,0,'wingnutwingsfarmwarnings','harold@ilovechocolate.com',5,18),(175,'2006-08-26 22:52:29',0,0,0,1,0,1,1,'Condimentum egestas ultriciespellentesque. Sociosqu magna eirmod, consequat bibendum tation massa.',101,0,'wingnutwingsfarmwarnings','clarissa@the-aliens.com',7,18),(176,'2010-08-08 14:36:56',0,0,0,1,0,0,0,'Senectus ligula orci variuscras ut, autem takimata natoque. Magna inceptos class magnainteger egestas, dolores quisque potenti nullam nisl.',52,0,'wingnutwingsfarmwarnings','kristi@iol.it',8,18),(177,'2011-09-21 01:23:14',0,0,0,0,0,0,1,'Labore conguenulla placerat consequat eros, nunccurabitur conubia kasd lobortisetiam posuere primis tincidunt leopraesent. Posuere senectus iaculis fermentumfusce luptatum takimata bibendumfusce nisl, augue dictum suscipit feugait dolore ridiculus.',81,0,'wingnutwingsfarmwarnings','yolanda@mail2anna.com',9,18),(178,'2013-02-04 17:21:33',0,0,1,1,1,1,1,'Dolor nonumy facilisis facilisisat liberoduis donec. Accumsannulla lacusut, nullasuspendisse accumsan himenaeos nullam taciti consectetuer.',152,0,'wingnutwingsfarmwarnings','rylee@whipmail.com',1,18),(179,'2010-04-20 10:10:54',0,0,0,0,1,0,1,'Rhoncus facilisinam bibendum consetetur, quam felissed dictum platea aliquip sodales muspellentesque. Litora nascetur ullamcorper no sempermorbi, ipsuminteger invidunt adipiscing nunccurabitur.',164,0,'wingnutwingsfarmwarnings','nia@mail2taxi.com',10,18),(180,'2007-05-16 00:46:42',0,0,1,0,1,1,0,'Vehicula nullasuspendisse mollis urnapraesent invidunt ex, erat nisl odio vitae non montes neque. Malesuada viverra placerat.',NULL,0,'wingnutwingsfarmwarnings','kristi@iol.it',8,18),(181,'2007-02-13 04:33:31',0,0,1,1,1,0,1,'Ex porttitor elementum auctormauris himenaeos vestibulum, leopraesent euismod qui felis convallis. Aenean tortorvestibulum iaculis ante ridiculus facilisisat, sapien vero mi massaphasellus urnamorbi cubilia bibendumin.',139,0,'wingnutwingsfarmwarnings','josephine@fromnevada.com',2,18),(182,'2014-02-03 00:04:58',0,0,0,0,1,1,1,'Purusvestibulum te placerat duimauris. Nullasuspendisse consectetuer lacusut imperdietaliquam tellus, nulla malesuadanullam arcumorbi wisi vivamus enim consequatduis.',33,0,'wingnutwingsfarmwarnings','abraham@from-mexico.com',3,18),(183,'2014-03-03 02:35:06',0,0,1,1,1,0,1,'Tellus praesent congue aliquyam consecteturpraesent, tristique ipsumcurabitur no vehicula montes mi. Feliscras auctormauris leopraesent, elit luctus praesent habitasse nostrud.',2,0,'wingnutwingsfarmwarnings','rylee@whipmail.com',1,18),(184,'2014-04-21 19:41:46',0,0,0,0,0,1,1,'Vel bibendumin ultriciespellentesque nulla rutrum rhoncus. Feugiat sodales tortorcurabitur, fusce penatibus orci qui volutpat eratproin porttitor.',11,0,'wingnutwingsfarmwarnings','abraham@from-mexico.com',3,18),(185,'2014-01-23 01:41:10',0,0,1,0,0,1,0,'Nullasuspendisse inceptos a morbi luptatum vivamus nostrud, pulvinarvestibulum muspellentesque nondonec consequatduis porta tincidunt eratproin accumsan. Malesuadanullam nunccurabitur himenaeos blandit mus sem, antesuspendisse liberoduis labore lectus ultriciespellentesque.',84,0,'wingnutwingsfarmwarnings','josephine@fromnevada.com',2,18),(186,'2010-05-19 22:15:30',0,0,0,0,0,0,0,'Inceptos magna nobis eum, ligula venenatis option vehicula fringilla sedfusce penatibus soluta. Laoreetphasellus voluptua litora potenti commodo vehicula odio, eos wisi erat lectusnullam suscipit zzril maurisaenean nostra.',156,0,'wingnutwingsfarmwarnings','nia@mail2taxi.com',10,18),(187,'2012-03-17 04:05:11',0,0,0,0,0,0,0,'Ex nunc wisi qui antesuspendisse, pellentesque muspellentesque doming. Senectus lorem bibendum, maecenas iriure dolores rhoncus ea pharetra enimaliquam.',146,0,'wingnutwingsfarmwarnings','rylee@whipmail.com',1,18),(188,'2005-10-25 05:37:53',0,0,0,1,1,0,0,'Cum magnis dolore bibendum, dapibusnam nunc lobortisetiam iusto augue vivamus. Turpis lobortis venenatis luctus eget vel consequatduis, cum arcumorbi tempor duimauris vivamus.',128,0,'wingnutwingsfarmwarnings','yolanda@mail2anna.com',9,18),(189,'2012-12-28 08:19:04',0,0,0,1,1,0,1,'Venenatis elitvivamus rhoncusmaecenas iusto class illum, magnainteger consectetuer porta nam. Purusvestibulum nunc, varius exerci pretium augue sodales.',9,0,'wingnutwingsfarmwarnings','clarissa@the-aliens.com',7,18),(190,'2006-08-19 01:20:36',0,0,0,0,0,0,1,'Consequatduis nam nulla volutpatut potenti, ac magnainteger urnapraesent nihil libero exerci laoreetphasellus risusdonec. Nulla consectetuer at.',66,0,'wingnutwingsfarmwarnings','rylee@whipmail.com',1,18),(191,'2008-09-02 14:58:54',0,0,1,0,0,0,1,'Facilisisat massa tation, eirmod magna justo sadipscing purusvestibulum fermentum cras. Class lobortisetiam, dictumstvivamus ultriciespellentesque massa tempus mipellentesque temporsuspendisse nullamauris.',40,0,'wingnutwingsfarmwarnings','rylee@whipmail.com',1,18),(192,'2010-05-25 19:12:09',0,0,1,1,0,0,1,'Curae curabitur molestie feugiat velit semper, egestas tristique id dapibus. Penatibus iaculis primis lacus, gubergren no justo qui neque suscipit quis pellentesque mi.',135,0,'wingnutwingsfarmwarnings','alondra@boltonfans.com',4,18),(193,'2007-07-13 09:45:54',0,0,1,0,1,0,1,'Ametduis accusam, sodales enimnulla eros morbi eratproin justo. Tincidunt pretium imperdiet doming, sanctus fermentum netus nunc.',151,0,'wingnutwingsfarmwarnings','harold@ilovechocolate.com',5,18),(194,'2006-01-05 19:22:50',0,0,1,0,1,1,1,'Lobortis assum sociis qui. Soluta litora pulvinar sem per aliquet turpis iriure, vehicula nunc urnapraesent dolor odio facer cras.',21,0,'wingnutwingsfarmwarnings','yolanda@mail2anna.com',9,18),(195,'2014-03-01 04:13:46',0,0,1,1,0,0,1,'Quis, nonummy massa takimata penatibus quammaecenas elitvivamus. Egestasmauris sempermorbi enimsed accusam suspendisse facer habitasse cum, consetetur cursus interdumdonec cubilia litora magna.',152,0,'wingnutwingsfarmwarnings','abraham@from-mexico.com',3,18),(196,'2009-09-07 04:39:22',0,0,1,1,0,0,1,'Qui lacusnulla vel eget tortor egestas nibh auctor, nonummy vivamus mipellentesque magnapraesent accusam cursus. Pulvinar veniam ultrices exerci nonummy.',147,0,'wingnutwingsfarmwarnings','yolanda@mail2anna.com',9,18),(197,'2013-03-23 12:37:22',0,0,1,1,1,1,0,'Potenti eirmod dui inceptos, a minulla sociosqu tortorvestibulum accumsan pulvinarvestibulum egestasmauris iaculis aliquyam. Nihil dui taciti nec.',10,0,'wingnutwingsfarmwarnings','clarissa@the-aliens.com',7,18),(198,'2014-02-10 17:09:42',0,0,0,1,1,1,1,'Pulvinar qui ac libero interdum consequat senectus delenit, egestasmauris varius assum phasellus diam rutrum elitr. Kasd nibh curabitur assum, magnapraesent consectetuer malesuadanullam enimnulla exerci massapellentesque no auctormauris variuscras.',46,0,'wingnutwingsfarmwarnings','nia@mail2taxi.com',10,18),(199,'2007-02-17 00:46:02',0,0,0,0,1,1,0,'Vestibulumnulla tation aliquammauris fermentum metusdonec, lobortis cum congue aptent condimentum ut. Nonummy etiam nulla adipiscing, bibendumin magna elitr hendrerit veniam purusvestibulum ornare eratproin.',108,0,'wingnutwingsfarmwarnings','abraham@from-mexico.com',3,18),(200,'2005-11-21 00:00:04',0,0,0,1,1,1,1,'Cursus taciti vestibulumnulla magna, porta consecteturpraesent risus quam pulvinarvestibulum. Curae wisi facilisicurabitur lectus lobortisetiam, cum magnapraesent faucibusvestibulum arcu dictumstvivamus nec leopraesent porttitor.',75,0,'wingnutwingsfarmwarnings','harold@ilovechocolate.com',5,18);
/*!40000 ALTER TABLE `post` ENABLE KEYS */;
UNLOCK TABLES;

--
-- Table structure for table `subscriptions`
--

DROP TABLE IF EXISTS `subscriptions`;
/*!40101 SET @saved_cs_client     = @@character_set_client */;
/*!40101 SET character_set_client = utf8 */;
CREATE TABLE `subscriptions` (
  `user_id` bigint(20) unsigned NOT NULL,
  `thread_id` bigint(20) unsigned NOT NULL,
  `unsubscribed` tinyint(4) NOT NULL,
  PRIMARY KEY (`user_id`,`thread_id`),
  KEY `fk_user_subscribed_thread1_idx` (`thread_id`),
  KEY `fk_userId_to_user_id_idx` (`user_id`),
  CONSTRAINT `fk_userId_to_user_id` FOREIGN KEY (`user_id`) REFERENCES `user` (`id`),
  CONSTRAINT `fk_threadId_to_thread_id` FOREIGN KEY (`thread_id`) REFERENCES `thread` (`id`)
) ENGINE=InnoDB DEFAULT CHARSET=utf8;
/*!40101 SET character_set_client = @saved_cs_client */;

--
-- Dumping data for table `subscriptions`
--

LOCK TABLES `subscriptions` WRITE;
/*!40000 ALTER TABLE `subscriptions` DISABLE KEYS */;
INSERT INTO `subscriptions` VALUES (1,4,0),(1,6,0),(1,7,0),(1,8,0),(1,12,0),(1,14,0),(1,15,0),(1,16,0),(1,17,0),(1,19,0),(1,20,0),(1,23,0),(1,26,0),(1,28,0),(1,29,0),(1,32,0),(1,39,0),(1,44,0),(1,50,0),(1,51,0),(1,53,0),(1,54,0),(1,55,0),(1,56,0),(1,61,0),(1,63,0),(1,69,0),(1,71,0),(1,78,0),(2,1,0),(2,2,0),(2,6,0),(2,8,0),(2,9,0),(2,19,0),(2,20,0),(2,22,0),(2,23,0),(2,24,0),(2,30,0),(2,32,0),(2,39,0),(2,42,0),(2,44,0),(2,45,0),(2,50,0),(2,66,0),(2,68,0),(2,74,0),(2,75,0),(3,1,0),(3,7,0),(3,11,0),(3,15,0),(3,18,0),(3,19,0),(3,20,0),(3,21,0),(3,23,0),(3,25,0),(3,26,0),(3,30,0),(3,32,0),(3,37,0),(3,40,0),(3,41,0),(3,47,0),(3,56,0),(3,61,0),(3,65,0),(3,66,0),(3,67,0),(3,72,0),(3,78,0),(3,79,0),(3,80,0),(4,3,0),(4,6,0),(4,13,0),(4,14,0),(4,15,0),(4,26,0),(4,35,0),(4,36,0),(4,39,0),(4,42,0),(4,43,0),(4,48,0),(4,51,0),(4,53,0),(4,60,0),(4,63,0),(4,68,0),(4,69,0),(4,74,0),(4,76,0),(4,80,0),(5,1,0),(5,2,0),(5,6,0),(5,7,0),(5,8,0),(5,15,0),(5,18,0),(5,22,0),(5,24,0),(5,25,0),(5,26,0),(5,30,0),(5,32,0),(5,37,0),(5,38,0),(5,45,0),(5,46,0),(5,47,0),(5,50,0),(5,54,0),(5,55,0),(5,61,0),(5,62,0),(5,64,0),(5,66,0),(5,67,0),(5,69,0),(5,71,0),(5,75,0),(5,80,0),(6,3,0),(6,4,0),(6,11,0),(6,14,0),(6,19,0),(6,22,0),(6,24,0),(6,25,0),(6,26,0),(6,27,0),(6,28,0),(6,32,0),(6,37,0),(6,47,0),(6,48,0),(6,52,0),(6,53,0),(6,65,0),(6,67,0),(6,68,0),(6,72,0),(6,77,0),(6,78,0),(6,80,0),(7,1,0),(7,3,0),(7,6,0),(7,9,0),(7,10,0),(7,15,0),(7,23,0),(7,28,0),(7,29,0),(7,38,0),(7,41,0),(7,46,0),(7,50,0),(7,52,0),(7,58,0),(7,62,0),(7,68,0),(7,70,0),(7,72,0),(7,74,0),(7,80,0),(8,9,0),(8,10,0),(8,11,0),(8,12,0),(8,20,0),(8,21,0),(8,23,0),(8,26,0),(8,31,0),(8,36,0),(8,38,0),(8,39,0),(8,41,0),(8,43,0),(8,45,0),(8,46,0),(8,52,0),(8,54,0),(8,55,0),(8,57,0),(8,59,0),(8,64,0),(8,65,0),(8,68,0),(8,73,0),(8,80,0),(9,1,0),(9,4,0),(9,6,0),(9,8,0),(9,11,0),(9,17,0),(9,19,0),(9,22,0),(9,25,0),(9,27,0),(9,29,0),(9,31,0),(9,32,0),(9,33,0),(9,36,0),(9,37,0),(9,40,0),(9,43,0),(9,44,0),(9,45,0),(9,48,0),(9,52,0),(9,55,0),(9,57,0),(9,59,0),(9,64,0),(9,67,0),(9,76,0),(9,77,0),(10,1,0),(10,6,0),(10,10,0),(10,12,0),(10,14,0),(10,19,0),(10,23,0),(10,26,0),(10,31,0),(10,43,0),(10,45,0),(10,46,0),(10,49,0),(10,59,0),(10,60,0),(10,65,0),(10,71,0),(10,73,0),(10,74,0),(10,75,0),(10,79,0);
/*!40000 ALTER TABLE `subscriptions` ENABLE KEYS */;
UNLOCK TABLES;

--
-- Table structure for table `thread`
--

DROP TABLE IF EXISTS `thread`;
/*!40101 SET @saved_cs_client     = @@character_set_client */;
/*!40101 SET character_set_client = utf8 */;
CREATE TABLE `thread` (
  `id` bigint(20) unsigned NOT NULL AUTO_INCREMENT,
  `date` datetime NOT NULL,
  `isClosed` tinyint(3) unsigned NOT NULL DEFAULT '0',
  `isDeleted` tinyint(3) unsigned NOT NULL DEFAULT '0',
  `title` varchar(255) NOT NULL,
  `slug` varchar(255) NOT NULL,
  `posts` int(10) unsigned NOT NULL DEFAULT '0',
  `message` mediumtext NOT NULL,
  `likes` int(11) NOT NULL DEFAULT '0',
  `dislikes` int(11) NOT NULL DEFAULT '0',
  `points` int(11) NOT NULL DEFAULT '0',
  `user` varchar(255) NOT NULL,
  `forum` varchar(255) NOT NULL,
  `forum_id` bigint(20) unsigned NOT NULL,
  `user_id` bigint(20) unsigned NOT NULL,
  PRIMARY KEY (`id`,`forum_id`,`user_id`),
  UNIQUE KEY `slug_UNIQUE` (`slug`),
  KEY `fk_thread_forum1_idx` (`forum_id`),
  KEY `fk_thread_user1_idx` (`user_id`),
  KEY `user_INDEX` (`user`),
  KEY `forum_INDEX` (`forum`),
  CONSTRAINT `fk_thread_forum1` FOREIGN KEY (`forum_id`) REFERENCES `forum` (`id`) ON UPDATE NO ACTION,
  CONSTRAINT `fk_thread_user1` FOREIGN KEY (`user_id`) REFERENCES `user` (`id`) ON UPDATE NO ACTION
) ENGINE=InnoDB AUTO_INCREMENT=81 DEFAULT CHARSET=utf8;
/*!40101 SET character_set_client = @saved_cs_client */;

--
-- Dumping data for table `thread`
--

LOCK TABLES `thread` WRITE;
/*!40000 ALTER TABLE `thread` DISABLE KEYS */;
INSERT INTO `thread` VALUES (1,'2013-02-21 23:30:51',1,0,'Medal mixtures misfits ladders reasons','medalmixturesmisfitsladdersreasons',0,'Elitr tortorcurabitur vivamus luptatum non elitduis. Rebum aliquam urna, no dis cubilia dolores duimauris morbi vivamus.',0,0,0,'josephine@fromnevada.com','fortiesclassroomsicingprofile',9,2),(2,'2005-10-03 23:09:57',1,0,'Permits evacuation propeller photodiode civilians','permitsevacuationpropellerphotodiodecivilians',0,'Potenti tristique sapien sem elitr rutrum, urnapraesent diaminteger facilisisat massaphasellus nisl metus. Feugiat sagittis facer class, dolor minim porta muspellentesque magnis.',0,0,0,'yolanda@mail2anna.com','unitselectronicsexplosiongames',4,9),(3,'2006-08-05 21:47:15',1,1,'Lookout thumbs mouth aids harbors','lookoutthumbsmouthaidsharbors',0,'Blandit justo enim, exerci aliquip possim est massa felis nec illum. Ipsumcurabitur nunccurabitur lobortisetiam nec laoreetphasellus.',0,0,0,'eugene@mail2bankrupt.com','tankstossfabricationscheese',5,6),(4,'2013-11-15 20:08:24',1,1,'Tries mechanic makes hertz bytes','triesmechanicmakeshertzbytes',0,'Vitae, magnapraesent sedfusce justo clita nondonec nullam. Elitvivamus lacinia libero.',0,0,0,'nia@mail2taxi.com','coursecandlespurgescrime',19,10),(5,'2013-01-08 09:46:15',1,0,'Losses readers kicks cathode devices','lossesreaderskickscathodedevices',0,'Conubia facer porta felis magnis eleifend, aenean nostra leo iriure aptent nascetur sodales. Id massapellentesque fames est diam, risusdonec pellentesque montes adipiscing muspellentesque tempor.',0,0,0,'clarissa@the-aliens.com','antennamomentholddownpupils',2,7),(6,'2008-12-27 05:05:36',1,0,'Egg arraignments properties tears letterhead','eggarraignmentspropertiestearsletterhead',0,'Gubergren nec. Habitant elitduis.',0,0,0,'josephine@fromnevada.com','sprayertrainhumpstechnicians',6,2),(7,'2011-03-12 15:30:05',0,1,'Conduct damping solders knobs mind','conductdampingsoldersknobsmind',0,'Auctor fringilla mauris fermentumfusce, nobis eos potenti purusvestibulum elitvivamus sociis malesuadanullam. Tempor interdum justocras minim quisaenean.',0,0,0,'clarissa@the-aliens.com','sprayertrainhumpstechnicians',6,7),(8,'2011-06-11 01:25:51',0,1,'Screws comparison masks transmitter panel','screwscomparisonmaskstransmitterpanel',0,'Dolores viverra tortorcurabitur dictum, quisque nunc inceptos velit eros ipsum pulvinarvestibulum. Eleifend vestibulumnulla quisque nisl vehicula suscipit cras invidunt, auctor duimauris commodo tation felissed consectetur metus.',0,0,0,'yolanda@mail2anna.com','dripsheadsetscavewhisper',29,9),(9,'2014-07-12 13:15:27',0,1,'Cores radars frame overlay compliances','coresradarsframeoverlaycompliances',0,'Leopraesent enimaliquam dui facilisisproin pharetra nonummy maecenas, condimentum nibh quisque sodalessed purus phasellus. Enimsed elitduis accumsannulla.',0,0,0,'abraham@from-mexico.com','chasessignalersprisonersbatch',16,3),(10,'2006-07-20 17:36:02',0,0,'Planes compressor breaks plate bronze','planescompressorbreaksplatebronze',0,'Neque dictum magnainteger maurisaenean, sodalessed autem pharetra parturient exerci enimnulla adipiscing nunccurabitur lacus. Nisi cras sanctus tellus himenaeos, conguenulla fames ullamcorper tortor sea taciti aliquip tristique ad clita.',0,0,0,'nia@mail2taxi.com','unitselectronicsexplosiongames',4,10),(11,'2011-06-16 18:08:15',1,0,'Implantation proofs stapler trust writer','implantationproofsstaplertrustwriter',0,'Ante malesuadanullam aliquammauris lacusut, praesent proin kasd iusto montes aliquet torquent lacinia. Delenit orci lacusut temporsuspendisse elitnunc, invidunt viverra eirmod.',0,0,0,'clarissa@the-aliens.com','unitselectronicsexplosiongames',4,7),(12,'2011-09-17 09:48:53',1,0,'Lifeboats priorities punches rejection stings','lifeboatsprioritiespunchesrejectionstings',0,'Nisi labore senectus accusam et malesuada, eum porttitor semvestibulum nostrud interdum facilisis platea. Mollis feugiat imperdietaliquam ipsum sea viverra.',0,0,0,'nia@mail2taxi.com','tapshalvesspecialtythread',7,10),(13,'2010-08-10 20:01:15',0,0,'Index handlers purpose drunks thursday','indexhandlerspurposedrunksthursday',0,'Magna nondonec mi dictumstvivamus interdum, aenean egestasmauris penatibus habitasse. Lacinia dui consequat potenti massaphasellus enim.',0,0,0,'alondra@boltonfans.com','pressesdefaultelbowtransmission',1,4),(14,'2007-06-27 03:02:52',1,1,'Event shame boots alcoholism pat','eventshamebootsalcoholismpat',0,'Commodo ultrices torquent orci, felissed a eos. Zzril imperdietaliquam nullam facilisis te eros.',0,0,0,'eugene@mail2bankrupt.com','clumpsdiseasededicationsfutures',30,6),(15,'2014-03-14 23:41:49',0,0,'Coxswain canals traces troop injury','coxswaincanalstracestroopinjury',0,'Semvestibulum variuscras leopraesent porta eros bibendumin, dictum primis enimnulla quam velit sociis. Ipsumcurabitur exerci ipsum, lacusnulla dolor sea aliquammauris nihil aliquyam turpis stet.',0,0,0,'clarissa@the-aliens.com','fortiesclassroomsicingprofile',9,7),(16,'2011-07-04 14:49:15',0,1,'Shelter cathodes encounter sides intervals','sheltercathodesencountersidesintervals',0,'Quammaecenas bibendumin mus pulvinarvestibulum mauris ipsumcurabitur. Interdumdonec sodalessed iusto parturient soluta, invidunt nulla eu.',0,0,0,'kristi@iol.it','candlepokeswattsreplacement',28,8),(17,'2006-07-16 22:08:29',0,1,'Tumble inceptions recognitions game term','tumbleinceptionsrecognitionsgameterm',0,'Euismod cursus ligula, laoreet sagittis arcu facilisicurabitur sadipscing elitvivamus condimentum assum. No possim malesuadanullam non euismod, montes massaphasellus assum dapibusnam habitant tortorcurabitur sagittis.',0,0,0,'nia@mail2taxi.com','paragraphsmagnituderattlesentrapment',10,10),(18,'2011-04-19 05:43:54',1,0,'Photodiode thin clubs center cases','photodiodethinclubscentercases',200,'Platea soluta a faucibusvestibulum purusvestibulum, pharetra enimaliquam sollicitudin sit nullasuspendisse tortor placerat suscipit sapien. Mazim elitvivamus possim dolore volutpat, aaenean liber nam pharetra dictumst varius.',0,0,0,'clarissa@the-aliens.com','wingnutwingsfarmwarnings',14,7),(19,'2011-05-17 23:10:29',1,1,'Litres thermals illustrations acquittals award','litresthermalsillustrationsacquittalsaward',0,'Purus antesuspendisse doming variuscras qui takimata, laoreetphasellus fermentum litora egestas bibendumin nisl ex magnainteger. Ridiculus velit aliquet consectetur.',0,0,0,'kristi@iol.it','tankstossfabricationscheese',5,8),(20,'2012-05-04 07:15:46',1,1,'Telecommunication trigger monitors horizon airport','telecommunicationtriggermonitorshorizonairport',0,'Mattis fusce congue. Rhoncusmaecenas leopraesent molestie proin.',0,0,0,'eugene@mail2bankrupt.com','helmunitsfridaybraid',3,6),(21,'2009-12-10 04:08:14',0,0,'Sheet track documentation davit marbles','sheettrackdocumentationdavitmarbles',0,'Mi hendrerit mipellentesque esse augue, delenit bibendum vestibulum antesuspendisse liberoduis. Libero sed tempor.',0,0,0,'kristi@iol.it','sprayertrainhumpstechnicians',6,8),(22,'2012-12-18 09:38:26',0,1,'Corks ditch presentation cargo frequency','corksditchpresentationcargofrequency',0,'Consequat vitae neque. Gravida facilisis aliquammauris.',0,0,0,'harold@ilovechocolate.com','brakesnegligencewinscaps',24,5),(23,'2007-07-12 18:16:46',0,0,'Refurbishment tanks navigator discriminations pine','refurbishmenttanksnavigatordiscriminationspine',0,'Integer diam ipsum. No elitvivamus pulvinarvestibulum id gubergren, nisised magna nonumy.',0,0,0,'harold@ilovechocolate.com','submariningplotprisonsbacks',27,5),(24,'2007-05-09 21:35:58',0,1,'Meaning altitudes fractions force shotlines','meaningaltitudesfractionsforceshotlines',0,'Curae suspendisse eget nisised ametduis. Lobortisetiam nulla nostra porttitor consectetur elitr dignissim, felissed nullasuspendisse nonummy aenean cursus lorem dapibus.',0,0,0,'abraham@from-mexico.com','statuscourtesyvarietyhalt',22,3),(25,'2011-03-01 00:30:47',1,1,'Terrain monitors piles kills languages','terrainmonitorspileskillslanguages',0,'Sodalessed duimauris ullamcorper. Nibh viverra elitduis turpis tellus.',0,0,0,'yolanda@mail2anna.com','candlepokeswattsreplacement',28,9),(26,'2006-12-02 03:47:02',0,1,'Apron multimeter reinforcements toss margin','apronmultimeterreinforcementstossmargin',0,'Fames quod ac labore curae per praesent sociis, sapien lectusnullam morbi sollicitudin aliquip enimaliquam. Molestie voluptua parturient aliquyam dapibusnam.',0,0,0,'yolanda@mail2anna.com','submariningplotprisonsbacks',27,9),(27,'2005-01-13 23:16:00',1,0,'Sneeze transmitters dish hip religions','sneezetransmittersdishhipreligions',0,'Senectus nisised dignissim tellus, eratproin dui liberoduis nulla netus tempus. Facer conubia id vivamus hac diaminteger odio, euismod semper montes sodales dictumst sapien tempus.',0,0,0,'nia@mail2taxi.com','submariningplotprisonsbacks',27,10),(28,'2013-03-15 10:29:27',0,1,'Discretion sweepers acids knees pipes','discretionsweepersacidskneespipes',0,'Te facilisicurabitur facilisis telluspraesent facilisisat vivamus curae, penatibus kasd magna sollicitudin laoreetphasellus a scelerisque. Facilisisat eget odio.',0,0,0,'josephine@fromnevada.com','brakesnegligencewinscaps',24,2),(29,'2012-09-18 01:33:04',1,1,'Lick references shortages pushes arguments','lickreferencesshortagespushesarguments',0,'In iusto kasd morbi. Luptatum lectus.',0,0,0,'abraham@from-mexico.com','unitselectronicsexplosiongames',4,3),(30,'2013-07-03 11:24:58',0,1,'Moss protests probability tailor thursday','mossprotestsprobabilitytailorthursday',0,'Justocras minim ridiculus consecteturpraesent semper. Sed facilisinam rhoncusmaecenas curae, ad imperdietaliquam venenatis potenti natoque eu ipsum.',0,0,0,'clarissa@the-aliens.com','quartercashiersadhesiveseas',12,7),(31,'2011-02-24 16:37:05',0,0,'Whistles length stencils timers gum','whistleslengthstencilstimersgum',0,'Magnainteger ipsum eleifend ea. Venenatis purusvestibulum egestasmauris takimata aliquyam aliquet primis, nullam tellus magnis duo quisaenean varius nibh pulvinar.',0,0,0,'kristi@iol.it','destroyersstrandrequisitionoffer',8,8),(32,'2007-05-26 19:05:01',0,1,'Jackbox towel varactor anchors tools','jackboxtowelvaractoranchorstools',0,'Massaphasellus laoreetphasellus sed. Quis netus nullamauris elitvivamus sociosqu facilisinam.',0,0,0,'josephine@fromnevada.com','sprayertrainhumpstechnicians',6,2),(33,'2011-10-22 08:57:17',0,0,'Ratios explosives roof tracks analog','ratiosexplosivesrooftracksanalog',0,'Wisi dui sempermorbi enim exerci arcu. Sollicitudin sociis lobortisetiam praesent facilisicurabitur maurisaenean lacusut, a doming in nec liber antesuspendisse dictum risusdonec.',0,0,0,'yolanda@mail2anna.com','sprayertrainhumpstechnicians',6,9),(34,'2012-03-25 19:59:22',1,1,'Guides years dominion trims gum','guidesyearsdominiontrimsgum',0,'Fusce montes, euismod tation lectus facilisi suscipit. Autem exerci duis in lobortis duimauris risus, nascetur habitant takimata curabitur lorem.',0,0,0,'alondra@boltonfans.com','sizetelecommunicationspensworld',17,4),(35,'2006-03-03 22:27:22',1,1,'Sweeper burglaries talker directive dams','sweeperburglariestalkerdirectivedams',0,'Enimaliquam pellentesque nibh. Massaphasellus donec felissed ac sadipscing vestibulumnulla dignissim, rhoncus parturient ligula aliquip eget nascetur dui.',0,0,0,'alondra@boltonfans.com','sharpenersanalogrepresentativesuccess',11,4),(36,'2012-08-27 17:10:36',1,1,'Americans thermals blade boxes cash','americansthermalsbladeboxescash',0,'Duo eum. Vel lacinia delenit assum sodalessed porta ipsuminteger, muspellentesque ipsum aenean sollicitudin soluta est duimauris eleifend.',0,0,0,'eugene@mail2bankrupt.com','subsystemsfoamtrainersprocurement',20,6),(37,'2012-03-17 09:34:45',1,1,'Drain note combination tissues challenge','drainnotecombinationtissueschallenge',0,'Iaculis feliscras. Eu possim pulvinarvestibulum, facilisicurabitur viverra aaenean rhoncus primis.',0,0,0,'nia@mail2taxi.com','submariningplotprisonsbacks',27,10),(38,'2005-11-23 05:35:22',0,1,'Cape updates parallels countries stings','capeupdatesparallelscountriesstings',0,'Vivamus sodales mattis blandit. Magna facilisisproin accusam malesuada, fames laoreetphasellus etiam vestibulum platea sempermorbi posuere enimsed cubilia.',0,0,0,'nia@mail2taxi.com','regionrescuersspokeanalogs',15,10),(39,'2007-03-16 04:02:17',0,1,'Revolution orange terrain eraser sip','revolutionorangeterrainerasersip',0,'Pellentesque nulla maurisaenean bibendumfusce. Senectus eleifend integer himenaeos.',0,0,0,'yolanda@mail2anna.com','tapshalvesspecialtythread',7,9),(40,'2012-01-24 15:56:45',1,0,'Hairpin backups matters synthetics saddles','hairpinbackupsmatterssyntheticssaddles',0,'Aliquam convallis ut pellentesque cras cubilia aliquyam, nondonec rhoncus iusto purus magnapraesent invidunt. Massaphasellus neque sodalessed, nostrud est qui pretium wisi mauris vestibulumnulla.',0,0,0,'nia@mail2taxi.com','destroyersstrandrequisitionoffer',8,10),(41,'2012-06-15 13:41:57',1,1,'Eddies milks disasters spark pulls','eddiesmilksdisasterssparkpulls',0,'Variuscras integer tempus accumsannulla posuere nullam, lacusnulla faucibus massaphasellus dolore maurisaenean. Nequeetiam proin magnapraesent risusdonec, maecenas urna mi sem risus magnainteger sit.',0,0,0,'harold@ilovechocolate.com','sharpenersanalogrepresentativesuccess',11,5),(42,'2011-07-02 22:01:23',1,1,'Watts college comfort diameter vapor','wattscollegecomfortdiametervapor',0,'Ante mattis volutpat convallis amet pharetra imperdiet tortor, dolor erat soluta sodalessed curae dolore. Justocras magnis praesent, class nec labore dictumstvivamus risus.',0,0,0,'abraham@from-mexico.com','unitselectronicsexplosiongames',4,3),(43,'2011-10-16 13:12:44',1,0,'Range calibrations product removals seesaw','rangecalibrationsproductremovalsseesaw',0,'Iaculis iusto eirmod. Rhoncusmaecenas dapibusnam.',0,0,0,'clarissa@the-aliens.com','dripsheadsetscavewhisper',29,7),(44,'2005-02-28 12:06:57',0,1,'Tin expenses runways streets cough','tinexpensesrunwaysstreetscough',0,'Justo malesuadanullam maurisaenean. Enimnulla duimauris esse cursus, vivamus tellus phasellus takimata quisque semvestibulum dictumst liberoduis aliquip.',0,0,0,'clarissa@the-aliens.com','stovestudiesbreadgallons',18,7),(45,'2009-01-28 11:19:54',1,1,'Officer backgrounds shipmates cables string','officerbackgroundsshipmatescablesstring',0,'Tellus nondonec habitant enim taciti amet. Tempus elementum cubilia non.',0,0,0,'nia@mail2taxi.com','paragraphsmagnituderattlesentrapment',10,10),(46,'2009-07-10 15:07:49',0,0,'Sequence trigger conductor utilization daytime','sequencetriggerconductorutilizationdaytime',0,'Aliquam himenaeos dis, blandit class sed nisl turpis minulla. Nunccurabitur sed.',0,0,0,'kristi@iol.it','unitselectronicsexplosiongames',4,8),(47,'2008-08-11 11:27:18',0,1,'Push fashion fracture video subtotal','pushfashionfracturevideosubtotal',0,'Mi tristique enimaliquam porttitor facilisis. Felissed rhoncusmaecenas vivamus purus, massa labore aaenean blandit accumsan lobortisetiam possim.',0,0,0,'clarissa@the-aliens.com','sprayertrainhumpstechnicians',6,7),(48,'2006-06-21 11:53:31',1,1,'Saps signs caves sixes licks','sapssignscavessixeslicks',0,'Mollis nonummy eum enimaliquam praesent, eget cras rhoncus ex fusce. Egestas ornare facilisisat quisaenean, nostrud at iaculis varius esse class enimnulla liber.',0,0,0,'abraham@from-mexico.com','destroyersstrandrequisitionoffer',8,3),(49,'2012-01-25 00:07:46',0,0,'Service ditch forehead housefall soaps','serviceditchforeheadhousefallsoaps',0,'Elitr arcumorbi vivamus. Ridiculus lobortisetiam tortorcurabitur, cubilia porta stet consequat molestie auctormauris telluspraesent.',0,0,0,'clarissa@the-aliens.com','fortiesclassroomsicingprofile',9,7),(50,'2014-02-09 15:49:59',0,0,'Reproduction trail standards jewels reason','reproductiontrailstandardsjewelsreason',0,'Elit conubia diaminteger lectus dignissim luctus tortorcurabitur, dolore maurisaenean minulla liber potenti pulvinar curabitur elitnunc. Erat antesuspendisse mattis, imperdiet risusdonec nec sed.',0,0,0,'josephine@fromnevada.com','clumpsdiseasededicationsfutures',30,2),(51,'2008-02-07 10:53:51',1,1,'Stall countries propose son suction','stallcountriesproposesonsuction',0,'Laoreetphasellus facilisis ante pulvinar. Voluptua duimauris labore volutpat sodalessed urnapraesent, sed tempus quisque eu eros.',0,0,0,'nia@mail2taxi.com','stovestudiesbreadgallons',18,10),(52,'2014-05-24 03:05:07',1,1,'Meanings coal magazine sales cruises','meaningscoalmagazinesalescruises',0,'Labore exerci justo consectetuer quisaenean rutrum taciti, volutpatut nostrud autem lectus cubilia. Adipiscing elementum.',0,0,0,'harold@ilovechocolate.com','dripsheadsetscavewhisper',29,5),(53,'2011-04-14 18:07:25',1,0,'Members irons hierarchy outlets zip','membersironshierarchyoutletszip',0,'Enimnulla autem dolore lobortis cum. Mazim elitvivamus metusdonec cum neque, maecenas urnamorbi eirmod arcu nonummy per zzril suscipit rebum scelerisque.',0,0,0,'nia@mail2taxi.com','chasessignalersprisonersbatch',16,10),(54,'2005-02-05 16:07:58',0,0,'Retrievals smiles cuts desks dates','retrievalssmilescutsdesksdates',0,'Voluptua tortorvestibulum integer faucibus eratproin. Luptatum facer vulputate semvestibulum quod tristique maurisaenean, ipsuminteger turpis accusam aliquip malesuadanullam.',0,0,0,'harold@ilovechocolate.com','quartercashiersadhesiveseas',12,5),(55,'2012-08-22 16:10:34',1,1,'Bush chairpersons foam enemy masts','bushchairpersonsfoamenemymasts',0,'Tation vulputate phasellus torquent nec. Nunccurabitur egestas ornare, arcu tempus placerat consectetur conubia elitduis auctor.',0,0,0,'kristi@iol.it','fortiesclassroomsicingprofile',9,8),(56,'2008-12-08 19:23:29',1,0,'Suits fight linens expenses school','suitsfightlinensexpensesschool',0,'Muspellentesque bibendum eros lobortisetiam conguenulla. Eleifend magnis lectus egestas id ultricies, lacus condimentum dui accusam.',0,0,0,'kristi@iol.it','stovestudiesbreadgallons',18,8),(57,'2008-08-13 08:46:45',1,1,'Standardizations curl conversion seesaw harmony','standardizationscurlconversionseesawharmony',0,'Voluptua iriure tortor convallis, blandit lacus quisque liberoduis minulla nam metusdonec. Elitduis porta minulla mauris volutpat, per nisi inceptos erosin.',0,0,0,'yolanda@mail2anna.com','sizetelecommunicationspensworld',17,9),(58,'2011-11-11 23:05:28',0,0,'Friday cloudiness lot interference pink','fridaycloudinesslotinterferencepink',0,'Nunccurabitur eros blandit. Diaminteger ipsum nonummy.',0,0,0,'nia@mail2taxi.com','candlepokeswattsreplacement',28,10),(59,'2007-09-04 14:49:33',1,0,'Twists wraps canvases annexs trust','twistswrapscanvasesannexstrust',0,'Justo vestibulumnulla gubergren massaphasellus, liberoduis consequatduis justocras temporsuspendisse. Ornare minim vulputate natoque dictum cursus.',0,0,0,'harold@ilovechocolate.com','tankstossfabricationscheese',5,5),(60,'2008-12-09 14:10:21',0,1,'Harpoons cap pines language fixture','harpoonscappineslanguagefixture',0,'Consecteturpraesent sollicitudin auctor variuscras ultriciespellentesque, commodo purus eu interdum. Lacusut nonummy rhoncusmaecenas gravida congue accumsannulla.',0,0,0,'nia@mail2taxi.com','antennamomentholddownpupils',2,10),(61,'2011-09-22 11:31:17',1,0,'Vessel duplicate vectors presumption tours','vesselduplicatevectorspresumptiontours',0,'Mauris ut vestibulumnulla. Vero platea, telluspraesent eu pellentesque sempermorbi ipsuminteger id.',0,0,0,'yolanda@mail2anna.com','ordnancebendsdefectionslifts',21,9),(62,'2008-10-04 10:36:17',0,1,'Presses batches teaching replenishment lard','pressesbatchesteachingreplenishmentlard',0,'Iaculis fermentum massaphasellus quod turpis, eu dictum habitant. Cras dictumst, porta quisque lectusnullam accumsan sedfusce.',0,0,0,'clarissa@the-aliens.com','quartercashiersadhesiveseas',12,7),(63,'2006-01-10 18:29:24',1,1,'Sand garage restraint roll combat','sandgaragerestraintrollcombat',0,'Nobis nulla congue minim eleifend, qui feugiat sagittis sadipscing esse nibh phasellus lectus leo assum. Quammaecenas ultricies consectetur egestasmauris mipellentesque.',0,0,0,'abraham@from-mexico.com','donortrainingrevolutionflame',25,3),(64,'2011-09-08 10:32:29',1,1,'Tin benefit evacuations laboratories blindfold','tinbenefitevacuationslaboratoriesblindfold',0,'Minim sedfusce. Sanctus nullam primis est autem, nam amet cubilia sit malesuadanullam.',0,0,0,'harold@ilovechocolate.com','tankstossfabricationscheese',5,5),(65,'2009-12-12 11:41:40',1,1,'Rust arraignments rams prime reductions','rustarraignmentsramsprimereductions',0,'Turpis mi. Vulputate lectus ac.',0,0,0,'abraham@from-mexico.com','dustretractorsubstancebit',13,3),(66,'2011-06-01 09:27:37',1,1,'Junctions hatches velocities ovens winches','junctionshatchesvelocitiesovenswinches',0,'Augue rutrum nullam vivamus nondonec, aliquip sociis suscipit. Labore sempermorbi non.',0,0,0,'eugene@mail2bankrupt.com','clumpsdiseasededicationsfutures',30,6),(67,'2007-12-04 12:19:14',1,0,'Whistles transmittal splashes feed breast','whistlestransmittalsplashesfeedbreast',0,'Possim mus sedfusce iriure pulvinar fermentumfusce, fringilla proin delenit libero tempor torquent eos. Exerci erosin ultricies cursus lobortisetiam consetetur auctor, soluta orci bibendumin fermentum varius.',0,0,0,'eugene@mail2bankrupt.com','clumpsdiseasededicationsfutures',30,6),(68,'2009-03-21 07:30:05',0,1,'Oscillator effects feeds corners spaces','oscillatoreffectsfeedscornersspaces',0,'Nunc lobortisetiam turpis dictumstvivamus potenti. Urna maecenas leopraesent.',0,0,0,'josephine@fromnevada.com','fortiesclassroomsicingprofile',9,2),(69,'2006-01-03 14:53:29',1,0,'Rifles thirties rate depths grasses','riflesthirtiesratedepthsgrasses',0,'Laoreetphasellus inceptos mus esse fermentumfusce felis. Ultriciespellentesque arcu convallis, tempor quisaenean quammaecenas voluptua sagittis penatibus nibh.',0,0,0,'harold@ilovechocolate.com','chasessignalersprisonersbatch',16,5),(70,'2013-09-19 21:54:28',0,1,'Woman hush offense outlet subject','womanhushoffenseoutletsubject',0,'Per quod. Dolore autem stet magna convallis accusam sedfusce laoreet, nunccurabitur rebum magnis bibendum doming sodales.',0,0,0,'nia@mail2taxi.com','subsystemsfoamtrainersprocurement',20,10),(71,'2011-06-15 06:23:45',1,0,'Plug helmet limb strikes squadrons','plughelmetlimbstrikessquadrons',0,'Nisi quis natoque egestas condimentum enimnulla, tortorcurabitur primis quod soluta. Ipsumcurabitur interdum platea vitae facilisinam.',0,0,0,'alondra@boltonfans.com','destroyersstrandrequisitionoffer',8,4),(72,'2011-08-09 12:11:12',1,1,'Allowances cause junk seeds attractions','allowancescausejunkseedsattractions',0,'Ullamcorper ante temporsuspendisse odio, dolore habitant praesent sodales hac auctor risus malesuada. Placerat malesuada nunc iaculis fames feugait.',0,0,0,'rylee@whipmail.com','pressesdefaultelbowtransmission',1,1),(73,'2005-03-24 14:34:00',1,0,'Throttle worksheets speeches sample miles','throttleworksheetsspeechessamplemiles',0,'Malesuada sempermorbi magnis duis. Fringilla cursus netus ex, bibendum fames penatibus volutpatut rebum facilisinam magnapraesent muspellentesque placerat.',0,0,0,'abraham@from-mexico.com','sizetelecommunicationspensworld',17,3),(74,'2012-09-03 07:36:31',0,1,'Depletion cupfuls ballast circumference divers','depletioncupfulsballastcircumferencedivers',0,'Ea laoreetphasellus eget malesuada leo non, inceptos zzril parturient adipiscing bibendum magnainteger assum senectus augue. Massaphasellus erosin esse delenit tortor.',0,0,0,'clarissa@the-aliens.com','statuscourtesyvarietyhalt',22,7),(75,'2010-01-13 21:43:27',0,0,'Coordinations wayside buds telecommunication capabilities','coordinationswaysidebudstelecommunicationcapabilities',0,'Possim lorem montes consequatduis cum, bibendumfusce luptatum in pellentesque maecenas aliquyam. Quis parturient nulla.',0,0,0,'harold@ilovechocolate.com','tankstossfabricationscheese',5,5),(76,'2008-04-17 13:59:22',1,0,'Buys alibi network berth removal','buysalibinetworkberthremoval',0,'Massa nec aliquammauris porta. Conguenulla nascetur.',0,0,0,'eugene@mail2bankrupt.com','wingnutwingsfarmwarnings',14,6),(77,'2005-10-20 17:50:40',0,0,'Attraction thimbles dominions giant gangs','attractionthimblesdominionsgiantgangs',0,'Proin lacusut egestas luctus malesuada hac, accumsan ultriciespellentesque sempermorbi convallis eum muspellentesque dui congue aliquet. Cum venenatis eu aliquyam gravida.',0,0,0,'eugene@mail2bankrupt.com','tapshalvesspecialtythread',7,6),(78,'2006-06-27 09:21:40',0,0,'Strobes acid return flesh accountabilities','strobesacidreturnfleshaccountabilities',0,'Venenatis erat congue, donec egestasmauris mauris potenti eos. Eos nonummy euismod, pellentesque parturient tortorvestibulum iusto pretium facilisisat praesent.',0,0,0,'kristi@iol.it','sprayertrainhumpstechnicians',6,8),(79,'2007-07-07 07:01:41',0,1,'Lint varieties fathoms example establishment','lintvarietiesfathomsexampleestablishment',0,'Venenatis commodo maecenas sit, elitvivamus feliscras option lectusnullam esse penatibus eum. Auctor muspellentesque sapien takimata pretium ultriciespellentesque.',0,0,0,'alondra@boltonfans.com','sharpenersanalogrepresentativesuccess',11,4),(80,'2012-01-04 19:19:28',0,0,'Powers binder girl multisystem ranks','powersbindergirlmultisystemranks',0,'Maurisaenean ac penatibus fermentumfusce. Interdumdonec gubergren ultricies felis wisi aliquip, fringilla malesuada sadipscing mattis no ametduis.',0,0,0,'rylee@whipmail.com','brakesnegligencewinscaps',24,1);
/*!40000 ALTER TABLE `thread` ENABLE KEYS */;
UNLOCK TABLES;

--
-- Table structure for table `user`
--

DROP TABLE IF EXISTS `user`;
/*!40101 SET @saved_cs_client     = @@character_set_client */;
/*!40101 SET character_set_client = utf8 */;
CREATE TABLE `user` (
  `id` bigint(20) unsigned NOT NULL AUTO_INCREMENT,
  `username` varchar(255) DEFAULT NULL,
  `password` varchar(255) NOT NULL,
  `email` varchar(255) NOT NULL,
  `name` varchar(255) DEFAULT NULL,
  `isAnonymous` tinyint(3) unsigned NOT NULL DEFAULT '0',
  `about` varchar(255) DEFAULT NULL,
  PRIMARY KEY (`id`),
  UNIQUE KEY `email_UNIQUE` (`email`),
  UNIQUE KEY `username_UNIQUE` (`username`),
  KEY `email_INDEX` (`email`)
) ENGINE=InnoDB AUTO_INCREMENT=11 DEFAULT CHARSET=utf8;
/*!40101 SET character_set_client = @saved_cs_client */;

--
-- Dumping data for table `user`
--

LOCK TABLES `user` WRITE;
/*!40000 ALTER TABLE `user` DISABLE KEYS */;
INSERT INTO `user` VALUES (1,'Esteban69773','123456','rylee@whipmail.com','Esteban69773',1,'Takimata ligula pellentesque.'),(2,'Yesenia8649','123456','josephine@fromnevada.com','Yesenia8649',0,'Justo bibendumin per, minim aenean veniam morbi ultrices.'),(3,'Cathleen58492','123456','abraham@from-mexico.com','Cathleen58492',1,'Curae quis consequatduis consecteturpraesent tation kasd.'),(4,'Archie35028','123456','alondra@boltonfans.com','Archie35028',0,'Nihil sapien volutpat pharetra.'),(5,'Betsy72882','123456','harold@ilovechocolate.com','Betsy72882',0,'Congue facilisisproin primis labore pharetra, porttitor enimaliquam consectetur takimata voluptua dictumstvivamus.'),(6,'Maddison3018','123456','eugene@mail2bankrupt.com','Maddison3018',1,'Adipiscing antesuspendisse ipsuminteger tempor magnis senectus, praesent ac at proin pulvinar delenit vestibulumnulla metus ametduis.'),(7,'Chuck41638','123456','clarissa@the-aliens.com','Chuck41638',0,'Conguenulla ad.'),(8,'Monica27102','123456','kristi@iol.it','Monica27102',1,'Elitr mazim.'),(9,'Rylee85699','123456','yolanda@mail2anna.com','Rylee85699',1,'Faucibusvestibulum fames eratproin potenti urna, ac risus nostra veniam stet velit accumsannulla tempor consequatduis.'),(10,'Gwen3693','123456','nia@mail2taxi.com','Gwen3693',0,'Ex integer mi no tortor.');
/*!40000 ALTER TABLE `user` ENABLE KEYS */;
UNLOCK TABLES;
/*!40103 SET TIME_ZONE=@OLD_TIME_ZONE */;

/*!40101 SET SQL_MODE=@OLD_SQL_MODE */;
/*!40014 SET FOREIGN_KEY_CHECKS=@OLD_FOREIGN_KEY_CHECKS */;
/*!40014 SET UNIQUE_CHECKS=@OLD_UNIQUE_CHECKS */;
/*!40101 SET CHARACTER_SET_CLIENT=@OLD_CHARACTER_SET_CLIENT */;
/*!40101 SET CHARACTER_SET_RESULTS=@OLD_CHARACTER_SET_RESULTS */;
/*!40101 SET COLLATION_CONNECTION=@OLD_COLLATION_CONNECTION */;
/*!40111 SET SQL_NOTES=@OLD_SQL_NOTES */;

-- Dump completed on 2014-04-07 21:54:35
