-- MySQL dump 10.13  Distrib 5.5.35, for debian-linux-gnu (x86_64)
--
-- Host: localhost    Database: forum_db
-- ------------------------------------------------------
-- Server version	5.5.35-0ubuntu0.13.10.2

/*!40101 SET @OLD_CHARACTER_SET_CLIENT=@@CHARACTER_SET_CLIENT */;
/*!40101 SET @OLD_CHARACTER_SET_RESULTS=@@CHARACTER_SET_RESULTS */;
/*!40101 SET @OLD_COLLATION_CONNECTION=@@COLLATION_CONNECTION */;
/*!40101 SET NAMES utf8 */;
/*!40103 SET @OLD_TIME_ZONE=@@TIME_ZONE */;
/*!40103 SET TIME_ZONE='+00:00' */;
/*!40014 SET @OLD_UNIQUE_CHECKS=@@UNIQUE_CHECKS, UNIQUE_CHECKS=0 */;
/*!40014 SET @OLD_FOREIGN_KEY_CHECKS=@@FOREIGN_KEY_CHECKS, FOREIGN_KEY_CHECKS=0 */;
/*!40101 SET @OLD_SQL_MODE=@@SQL_MODE, SQL_MODE='NO_AUTO_VALUE_ON_ZERO' */;
/*!40111 SET @OLD_SQL_NOTES=@@SQL_NOTES, SQL_NOTES=0 */;

--
-- Current Database: `forum_db`
--

CREATE DATABASE /*!32312 IF NOT EXISTS*/ `forum_db` /*!40100 DEFAULT CHARACTER SET utf8 */;

USE `forum_db`;

--
-- Table structure for table `followers`
--

DROP TABLE IF EXISTS `followers`;
/*!40101 SET @saved_cs_client     = @@character_set_client */;
/*!40101 SET character_set_client = utf8 */;
CREATE TABLE `followers` (
  `follower` bigint(20) unsigned NOT NULL,
  `followee` bigint(20) unsigned NOT NULL,
  `unfollowed` tinyint(4) NOT NULL DEFAULT '0',
  PRIMARY KEY (`follower`,`followee`),
  KEY `fk_user_has_user_user1_idx` (`followee`),
  KEY `fk_user_has_user_user_idx` (`follower`),
  CONSTRAINT `fk_user_has_user_user` FOREIGN KEY (`follower`) REFERENCES `user` (`id`) ON UPDATE NO ACTION,
  CONSTRAINT `fk_user_has_user_user1` FOREIGN KEY (`followee`) REFERENCES `user` (`id`) ON UPDATE NO ACTION
) ENGINE=InnoDB DEFAULT CHARSET=utf8;
/*!40101 SET character_set_client = @saved_cs_client */;

--
-- Dumping data for table `followers`
--

LOCK TABLES `followers` WRITE;
/*!40000 ALTER TABLE `followers` DISABLE KEYS */;
INSERT INTO `followers` VALUES (1,2,0),(1,10,0),(2,10,0),(6,1,0),(6,9,0),(8,2,0),(10,4,0);
/*!40000 ALTER TABLE `followers` ENABLE KEYS */;
UNLOCK TABLES;

--
-- Table structure for table `forum`
--

DROP TABLE IF EXISTS `forum`;
/*!40101 SET @saved_cs_client     = @@character_set_client */;
/*!40101 SET character_set_client = utf8 */;
CREATE TABLE `forum` (
  `id` bigint(20) unsigned NOT NULL AUTO_INCREMENT,
  `name` varchar(255) NOT NULL,
  `short_name` varchar(255) NOT NULL,
  `user` varchar(255) NOT NULL,
  `user_id` bigint(20) unsigned NOT NULL,
  PRIMARY KEY (`id`,`user_id`),
  UNIQUE KEY `short_name_UNIQUE` (`short_name`),
  KEY `fk_forum_user1_idx` (`user_id`),
  KEY `short_name_INDEX` (`short_name`),
  KEY `user_INDEX` (`user`),
  CONSTRAINT `fk_forum_user1` FOREIGN KEY (`user_id`) REFERENCES `user` (`id`) ON UPDATE NO ACTION
) ENGINE=InnoDB AUTO_INCREMENT=31 DEFAULT CHARSET=utf8;
/*!40101 SET character_set_client = @saved_cs_client */;

--
-- Dumping data for table `forum`
--

LOCK TABLES `forum` WRITE;
/*!40000 ALTER TABLE `forum` DISABLE KEYS */;
INSERT INTO `forum` VALUES (1,'Magnet bolts swivel bump','magnetboltsswivelbump','harrison@from-argentina.com',6),(2,'Shelter armament indicator waste','shelterarmamentindicatorwaste','brennan@bootmail.com',9),(3,'Variety tabulations tellers presumption','varietytabulationstellerspresumption','marianne@dangerous-minds.com',1),(4,'Shipping days drunks boards','shippingdaysdrunksboards','jolene@fnbmail.co.za',2),(5,'Separation proportions talkers documentation','separationproportionstalkersdocumentation','karyn@mail2downtown.com',5),(6,'Deputies missiles transport pistons','deputiesmissilestransportpistons','shawna@dontgotmail.com',7),(7,'Exits manuals garage freshwater','exitsmanualsgaragefreshwater','brennan@bootmail.com',9),(8,'Twirls batteries tan voltage','twirlsbatteriestanvoltage','harrison@from-argentina.com',6),(9,'Forms destroyers hunt distribution','formsdestroyershuntdistribution','stacy@mail2florida.com',10),(10,'Circumferences grooms image replacements','circumferencesgroomsimagereplacements','jolene@fnbmail.co.za',2),(11,'Search railway characters assistant','searchrailwaycharactersassistant','wilbert@mail2whitney.com',3),(12,'Warehouse drillers battle bush','warehousedrillersbattlebush','mikayla@onet.pl',8),(13,'Blood submarining tissues universe','bloodsubmariningtissuesuniverse','kalea@fromkentucky.com',4),(14,'Ramp chemical signalmen quota','rampchemicalsignalmenquota','brennan@bootmail.com',9),(15,'Shelves stake editor telephone','shelvesstakeeditortelephone','stacy@mail2florida.com',10),(16,'Hose amperage gangway game','hoseamperagegangwaygame','marianne@dangerous-minds.com',1),(17,'Fires conversion stapler okays','firesconversionstaplerokays','marianne@dangerous-minds.com',1),(18,'Mug wastes presentation splash','mugwastespresentationsplash','kalea@fromkentucky.com',4),(19,'Regrets tail treatments loan','regretstailtreatmentsloan','wilbert@mail2whitney.com',3),(20,'Smoke electrons attesting memorandum','smokeelectronsattestingmemorandum','shawna@dontgotmail.com',7),(21,'Radius semaphores displacement bucket','radiussemaphoresdisplacementbucket','wilbert@mail2whitney.com',3),(22,'Frame exposure page suns','frameexposurepagesuns','stacy@mail2florida.com',10),(23,'Parameter verses businesses removals','parameterversesbusinessesremovals','jolene@fnbmail.co.za',2),(24,'Cellars technicians laboratory augmentation','cellarstechnicianslaboratoryaugmentation','marianne@dangerous-minds.com',1),(25,'Distributions window lenses drug','distributionswindowlensesdrug','harrison@from-argentina.com',6),(26,'Statement prisoner forecastles apple','statementprisonerforecastlesapple','mikayla@onet.pl',8),(27,'State exchanges mountains operabilities','stateexchangesmountainsoperabilities','wilbert@mail2whitney.com',3),(28,'Loudspeakers mirrors language bigamies','loudspeakersmirrorslanguagebigamies','wilbert@mail2whitney.com',3),(29,'Sweeps hello satellite scrap','sweepshellosatellitescrap','harrison@from-argentina.com',6),(30,'Nulls abettor gleam airplanes','nullsabettorgleamairplanes','wilbert@mail2whitney.com',3);
/*!40000 ALTER TABLE `forum` ENABLE KEYS */;
UNLOCK TABLES;

--
-- Table structure for table `post`
--

DROP TABLE IF EXISTS `post`;
/*!40101 SET @saved_cs_client     = @@character_set_client */;
/*!40101 SET character_set_client = utf8 */;
CREATE TABLE `post` (
  `id` bigint(20) unsigned NOT NULL AUTO_INCREMENT,
  `date` datetime NOT NULL,
  `dislikes` int(11) NOT NULL DEFAULT '0',
  `likes` int(11) NOT NULL DEFAULT '0',
  `isApproved` tinyint(3) unsigned NOT NULL DEFAULT '0',
  `isDeleted` tinyint(3) unsigned NOT NULL DEFAULT '0',
  `isEdited` tinyint(3) unsigned NOT NULL DEFAULT '0',
  `isHighlighted` tinyint(3) unsigned NOT NULL DEFAULT '0',
  `isSpam` tinyint(3) unsigned NOT NULL DEFAULT '0',
  `message` mediumtext NOT NULL,
  `parent` bigint(20) unsigned DEFAULT NULL,
  `points` int(11) NOT NULL DEFAULT '0',
  `forum` varchar(255) NOT NULL,
  `user` varchar(255) NOT NULL,
  `user_id` bigint(20) unsigned NOT NULL,
  `thread_id` bigint(20) unsigned NOT NULL,
  PRIMARY KEY (`id`,`user_id`,`thread_id`),
  KEY `fk_post_user1_idx` (`user_id`),
  KEY `fk_post_thread1_idx` (`thread_id`),
  KEY `fk_post_parent_1_idx` (`parent`),
  KEY `user_INDEX` (`user`),
  KEY `forum_INDEX` (`forum`),
  CONSTRAINT `fk_post_user1` FOREIGN KEY (`user_id`) REFERENCES `user` (`id`) ON UPDATE NO ACTION,
  CONSTRAINT `fk_post_thread1` FOREIGN KEY (`thread_id`) REFERENCES `thread` (`id`) ON UPDATE NO ACTION,
  CONSTRAINT `fk_post_parent_1` FOREIGN KEY (`parent`) REFERENCES `post` (`id`) ON DELETE NO ACTION ON UPDATE NO ACTION
) ENGINE=InnoDB AUTO_INCREMENT=201 DEFAULT CHARSET=utf8;
/*!40101 SET character_set_client = @saved_cs_client */;

--
-- Dumping data for table `post`
--

LOCK TABLES `post` WRITE;
/*!40000 ALTER TABLE `post` DISABLE KEYS */;
INSERT INTO `post` VALUES (1,'2008-01-06 16:43:36',0,0,0,1,1,1,1,'Fermentum turpis mattis accusam nostrud ac. Conubia vestibulum turpis metusdonec ante, consecteturpraesent auctormauris facilisisat rebum pharetra platea.',NULL,0,'sweepshellosatellitescrap','mikayla@onet.pl',8,23),(2,'2010-11-02 17:48:55',0,0,0,1,0,0,1,'Cum sedfusce sapien, sociis nonumy ligula in. Delenit potenti fringilla.',NULL,0,'stateexchangesmountainsoperabilities','marianne@dangerous-minds.com',1,16),(3,'2012-08-22 04:41:21',0,0,0,1,0,0,0,'Maecenas sanctus curae mipellentesque. Facilisis orci facer aptent sodales primis.',1,0,'circumferencesgroomsimagereplacements','marianne@dangerous-minds.com',1,48),(4,'2009-12-19 01:01:54',0,0,0,0,1,1,1,'Egestas augue muspellentesque sociis kasd, porta nihil euismod scelerisque quod. Suspendisse gravida, sea rhoncusmaecenas luptatum gubergren facilisi.',1,0,'separationproportionstalkersdocumentation','karyn@mail2downtown.com',5,60),(5,'2013-09-03 19:31:31',0,0,0,1,1,0,0,'Erosin est nonumy quisaenean pulvinar, feugiat massa exerci blandit quis delenit. Massapellentesque leo nec aenean ultrices telluspraesent, liberoduis eos aliquam augue eget imperdietaliquam imperdiet.',1,0,'shippingdaysdrunksboards','stacy@mail2florida.com',10,19),(6,'2009-08-04 23:05:29',0,0,1,0,0,0,0,'Exerci sagittis at proin sed. Cubilia netus quis enim, mollis venenatis qui curabitur option.',1,0,'twirlsbatteriestanvoltage','shawna@dontgotmail.com',7,15),(7,'2007-06-07 13:35:31',0,0,1,1,0,1,1,'Consequat consetetur proin magnapraesent elitduis, no accumsannulla quam stet telluspraesent sadipscing mipellentesque luctus doming. Convallis porta.',2,0,'stateexchangesmountainsoperabilities','marianne@dangerous-minds.com',1,1),(8,'2009-04-28 05:27:21',0,0,1,1,1,1,0,'Vitae rhoncusmaecenas minulla, quisque senectus hac ornare mazim nequeetiam. Eleifend luptatum pharetra dolore mi.',6,0,'stateexchangesmountainsoperabilities','karyn@mail2downtown.com',5,1),(9,'2009-10-08 15:17:50',0,0,0,1,0,1,0,'Luctus sagittis purusvestibulum morbi massaphasellus, sapien sed penatibus congue tation convallis accumsan tristique nullamauris dis. Inceptos possim mattis nondonec a quisaenean no, laoreet elit feugait kasd lacus nonummy mus wisi.',5,0,'exitsmanualsgaragefreshwater','stacy@mail2florida.com',10,76),(10,'2008-02-20 09:07:02',0,0,0,1,0,0,0,'Ipsuminteger dolor duo curae antesuspendisse pulvinar, posuere potenti condimentum inceptos. Lectusnullam takimata consetetur natoque.',NULL,0,'rampchemicalsignalmenquota','kalea@fromkentucky.com',4,55),(11,'2006-09-05 13:55:51',0,0,1,0,0,0,0,'Delenit stet duimauris, magnapraesent nihil ultrices iaculis pulvinarvestibulum invidunt. Magnainteger congue in eratproin nam facilisicurabitur, lacinia tempor iusto nascetur.',9,0,'separationproportionstalkersdocumentation','brennan@bootmail.com',9,60),(12,'2012-09-02 16:04:48',0,0,0,0,1,1,0,'Inceptos placerat mus malesuada. Varius fermentumfusce convallis hac magna temporsuspendisse, pulvinarvestibulum euismod maecenas ullamcorper liberoduis dictumst semvestibulum.',1,0,'parameterversesbusinessesremovals','stacy@mail2florida.com',10,40),(13,'2005-06-02 09:06:58',0,0,0,1,1,1,0,'Lectusnullam tempus eratproin quisaenean sapien invidunt ipsuminteger, muspellentesque consecteturpraesent feugait aaenean auctor. Est cursus pulvinar arcumorbi.',4,0,'deputiesmissilestransportpistons','marianne@dangerous-minds.com',1,6),(14,'2007-10-22 06:22:26',0,0,1,0,0,0,1,'Praesent hendrerit nullasuspendisse tellus risus. Nullamauris urnamorbi.',3,0,'firesconversionstaplerokays','jolene@fnbmail.co.za',2,69),(15,'2013-09-10 13:56:21',0,0,0,1,1,1,0,'Placerat erosin dictum penatibus invidunt ipsumcurabitur. Leo soluta rebum potenti.',11,0,'formsdestroyershuntdistribution','stacy@mail2florida.com',10,8),(16,'2014-06-26 04:24:00',0,0,1,0,1,0,0,'Ea netus molestie muspellentesque labore doming laoreet, elitr sadipscing interdum luptatum nascetur gubergren enim. Metusdonec antesuspendisse invidunt quam autem sem, montes placerat suscipit duis curabitur rebum conguenulla tellus.',NULL,0,'shelterarmamentindicatorwaste','shawna@dontgotmail.com',7,50),(17,'2010-03-17 14:26:39',0,0,1,0,1,0,0,'Maurisaenean bibendum lectusnullam sedfusce consequat scelerisque, posuere suspendisse mollis ut vestibulumnulla primis sanctus pulvinarvestibulum sollicitudin. Tristique antesuspendisse egestasmauris maecenas justocras sadipscing nullasuspendisse, consectetur wisi rhoncus nullamauris sodalessed sanctus quisque.',13,0,'formsdestroyershuntdistribution','marianne@dangerous-minds.com',1,45),(18,'2013-03-08 21:01:32',0,0,1,0,1,0,0,'Mazim ipsuminteger at facilisi imperdietaliquam aenean nunc feliscras, eleifend aaenean risus eum ullamcorper dignissim. Curabitur duimauris senectus elementum habitant purusvestibulum.',10,0,'cellarstechnicianslaboratoryaugmentation','harrison@from-argentina.com',6,22),(19,'2011-10-20 07:42:05',0,0,0,1,1,0,1,'Maurisaenean facilisis. Urnamorbi etiam aliquammauris sadipscing egestasmauris urnapraesent torquent felissed, nullam bibendum purus facilisisat primis justo.',16,0,'distributionswindowlensesdrug','harrison@from-argentina.com',6,37),(20,'2007-04-07 16:43:05',0,0,0,0,1,0,1,'Quis ipsuminteger facilisisproin condimentum assum, nullamauris eum imperdietaliquam ultriciespellentesque nostrud dictumstvivamus dolores sodales minulla auctormauris. Bibendumfusce sadipscing ametduis hac auctormauris, eleifend metusdonec no adipiscing taciti justocras ultriciespellentesque.',8,0,'varietytabulationstellerspresumption','harrison@from-argentina.com',6,29),(21,'2007-07-12 12:23:49',0,0,0,1,0,0,1,'Platea consequat nisl aptent penatibus himenaeos, no rhoncusmaecenas dolor hendrerit. Autem nullasuspendisse nobis nullam, felissed labore luctus magnainteger libero muspellentesque neque curabitur.',14,0,'exitsmanualsgaragefreshwater','jolene@fnbmail.co.za',2,76),(22,'2014-10-06 18:10:27',0,0,1,0,1,0,0,'Facer imperdietaliquam egestas volutpatut justo libero, clita consequatduis auctormauris tellus feugiat sedfusce taciti interdumdonec elementum. Feugait in lobortis eleifend diaminteger quam, sempermorbi nondonec montes odio mollis.',20,0,'parameterversesbusinessesremovals','marianne@dangerous-minds.com',1,63),(23,'2010-07-19 05:19:20',0,0,1,0,1,0,0,'Nondonec ultrices, magnis elitduis sem nihil libero fermentumfusce cursus. Malesuada sem purusvestibulum ante quammaecenas facilisisproin venenatis a, viverra torquent aliquyam mollis proin consetetur.',16,0,'shelvesstakeeditortelephone','shawna@dontgotmail.com',7,73),(24,'2011-10-08 10:08:46',0,0,0,1,1,1,0,'Bibendumin nobis inceptos auctor, egestasmauris natoque potenti nostra. Adipiscing ligula morbi.',7,0,'hoseamperagegangwaygame','mikayla@onet.pl',8,9),(25,'2008-12-09 12:20:07',0,0,0,0,0,0,1,'Eratproin sedfusce. Vestibulum penatibus pellentesque aliquet, maurisaenean scelerisque massa integer vel.',17,0,'sweepshellosatellitescrap','stacy@mail2florida.com',10,31),(26,'2014-06-25 09:49:43',0,0,1,0,1,1,0,'Sagittis, dolore cubilia elit magna takimata nisised. Nascetur bibendum rhoncus mollis tellus iriure.',10,0,'circumferencesgroomsimagereplacements','shawna@dontgotmail.com',7,7),(27,'2009-12-01 22:35:41',0,0,1,1,0,1,1,'Telluspraesent quisaenean mollis orci in nihil, sociosqu muspellentesque habitasse facilisisproin fermentum curabitur invidunt. Leopraesent euismod, malesuada gravida libero ex sodales.',12,0,'frameexposurepagesuns','jolene@fnbmail.co.za',2,25),(28,'2008-10-09 06:14:50',0,0,0,0,1,1,0,'Vestibulumnulla facilisisproin esse sea sollicitudin. Adipiscing posuere vitae nunccurabitur takimata, feugait commodo ultrices risusdonec qui quam aliquet.',3,0,'deputiesmissilestransportpistons','kalea@fromkentucky.com',4,68),(29,'2013-07-20 06:06:33',0,0,0,1,1,1,1,'Tristique id sed leo quis, sea nec variuscras. Sit mauris fermentum placerat metus muspellentesque luctus urna, volutpatut tristique mattis tortorcurabitur laoreetphasellus litora.',18,0,'varietytabulationstellerspresumption','kalea@fromkentucky.com',4,17),(30,'2005-06-16 08:44:48',0,0,0,1,0,0,0,'Nisi habitant inceptos, duo ipsuminteger semper ultriciespellentesque mazim. Antesuspendisse bibendumfusce sempermorbi.',24,0,'circumferencesgroomsimagereplacements','shawna@dontgotmail.com',7,32),(31,'2012-03-15 21:25:01',0,0,1,0,1,0,1,'Laoreet vehicula metusdonec platea, duo eget libero praesent tellus nascetur interdumdonec accumsannulla facilisicurabitur. Consequat justocras egestasmauris elit.',28,0,'twirlsbatteriestanvoltage','mikayla@onet.pl',8,15),(32,'2012-02-16 17:03:51',0,0,1,1,0,0,1,'Minulla himenaeos eget elit eum, veniam curae torquent. Magnis sempermorbi dapibusnam ea faucibusvestibulum.',20,0,'searchrailwaycharactersassistant','wilbert@mail2whitney.com',3,10),(33,'2005-04-06 19:05:35',0,0,1,0,1,1,1,'Pretium nunc amet minim arcumorbi. Stet aenean consetetur, ligula illum ultriciespellentesque odio condimentum et sagittis aliquam.',24,0,'formsdestroyershuntdistribution','shawna@dontgotmail.com',7,45),(34,'2006-11-17 10:38:29',0,0,0,0,0,0,0,'Clita enimsed fringilla accumsannulla gravida varius. Sempermorbi assum non congue volutpat mattis invidunt, lacus labore felissed ipsumcurabitur qui.',24,0,'sweepshellosatellitescrap','marianne@dangerous-minds.com',1,31),(35,'2011-03-28 20:52:58',0,0,0,0,1,1,1,'Taciti curabitur mauris vehicula sea. Ipsuminteger aenean nunc bibendumfusce egestas, imperdiet platea nostrud zzril habitasse euismod.',22,0,'separationproportionstalkersdocumentation','wilbert@mail2whitney.com',3,54),(36,'2005-06-02 04:46:17',0,0,0,0,0,0,1,'Qui tortorvestibulum aaenean, ea gravida ullamcorper felis a elit justo nunccurabitur. Cras varius.',23,0,'varietytabulationstellerspresumption','wilbert@mail2whitney.com',3,29),(37,'2014-03-23 23:05:15',0,0,0,1,1,0,1,'No libero telluspraesent laoreet, feugiat muspellentesque ante accusam nulla sociis invidunt enimaliquam. Fusce vestibulum commodo facilisisproin, massaphasellus assum mipellentesque ornare sit wisi.',19,0,'deputiesmissilestransportpistons','wilbert@mail2whitney.com',3,68),(38,'2005-05-04 20:20:50',0,0,1,0,1,0,1,'Vestibulumnulla tortorvestibulum dapibus, sem maecenas nunc risusdonec lacus lorem accumsannulla. Rhoncus pulvinarvestibulum facilisinam duo taciti, arcu semvestibulum enimsed.',25,0,'hoseamperagegangwaygame','harrison@from-argentina.com',6,9),(39,'2011-08-03 21:54:31',0,0,0,0,0,1,0,'Magnapraesent laoreetphasellus qui no diaminteger rebum, metusdonec veniam venenatis bibendumfusce massa quis nisl odio tortor. Purus telluspraesent eleifend gravida turpis semper.',7,0,'circumferencesgroomsimagereplacements','wilbert@mail2whitney.com',3,48),(40,'2009-08-18 04:42:32',0,0,0,0,1,1,0,'Consecteturpraesent dictumstvivamus sodalessed platea venenatis risus, temporsuspendisse nam massa diam. Condimentum facilisisat volutpatut luptatum diam sociis curae, ante sodalessed semvestibulum faucibus sem id vel.',31,0,'magnetboltsswivelbump','stacy@mail2florida.com',10,43),(41,'2007-09-26 11:43:47',0,0,0,0,1,1,1,'Sanctus felissed. Vehicula telluspraesent rebum ullamcorper, quammaecenas nostra illum commodo magnainteger.',NULL,0,'deputiesmissilestransportpistons','brennan@bootmail.com',9,57),(42,'2009-01-23 05:49:24',0,0,1,1,1,1,0,'Lacus hendrerit morbi aliquam, vel dolore minim dis dignissim pulvinarvestibulum soluta nostra. Leo justocras habitasse vehicula, aptent auctormauris ligula egestasmauris potenti sempermorbi nobis.',26,0,'deputiesmissilestransportpistons','brennan@bootmail.com',9,77),(43,'2013-08-11 04:32:44',0,0,1,0,1,1,1,'Tincidunt enimsed ea. Sociosqu cras auctormauris lobortis montes, no praesent malesuada.',39,0,'cellarstechnicianslaboratoryaugmentation','wilbert@mail2whitney.com',3,38),(44,'2006-01-07 13:46:08',0,0,0,1,0,0,1,'No lacinia qui semper invidunt, ligula aliquet mazim luptatum dolor erosin zzril. Phasellus nam nostra fringilla rhoncusmaecenas.',28,0,'deputiesmissilestransportpistons','mikayla@onet.pl',8,68),(45,'2009-10-20 08:15:10',0,0,1,1,1,0,0,'Conguenulla dapibus, egestas fusce magna cubilia sempermorbi. Phasellus sapien platea aliquyam quisaenean aliquam ipsuminteger muspellentesque, nulla mazim varius cum non ea iaculis.',28,0,'varietytabulationstellerspresumption','marianne@dangerous-minds.com',1,29),(46,'2010-04-01 08:55:00',0,0,1,1,0,1,1,'Vel metusdonec rutrum antesuspendisse semper tation. Nisised sit himenaeos euismod aliquip.',30,0,'varietytabulationstellerspresumption','stacy@mail2florida.com',10,17),(47,'2011-09-12 21:18:19',0,0,1,1,0,1,0,'Qui facilisi laoreet fames. Natoque nam.',38,0,'warehousedrillersbattlebush','karyn@mail2downtown.com',5,3),(48,'2010-11-18 07:43:23',0,0,1,0,0,1,0,'Erat at eum clita. Telluspraesent ultricies vestibulum kasd rhoncus elitr eu, id dapibus minulla tristique duimauris placerat.',11,0,'twirlsbatteriestanvoltage','kalea@fromkentucky.com',4,15),(49,'2013-05-12 04:59:32',0,0,1,0,0,1,1,'Imperdiet lobortisetiam iaculis, volutpatut ornare class rhoncus accusam eos. Ligula imperdietaliquam mollis, auctormauris vel dis ultrices lobortis massapellentesque interdumdonec praesent.',9,0,'circumferencesgroomsimagereplacements','harrison@from-argentina.com',6,80),(50,'2014-10-12 05:07:47',0,0,1,1,0,0,1,'Mollis accusam felissed auctor, diaminteger urna himenaeos eros dui aaenean luptatum. Potenti tincidunt.',11,0,'shippingdaysdrunksboards','kalea@fromkentucky.com',4,27),(51,'2006-07-18 03:10:06',0,0,0,1,0,0,1,'Nequeetiam pretium. Nullamauris elit sem potenti litora.',NULL,0,'stateexchangesmountainsoperabilities','wilbert@mail2whitney.com',3,1),(52,'2014-06-11 07:15:29',0,0,1,0,0,1,0,'Lacinia aptent sanctus lacusnulla elementum, egestas in dictumst magna habitasse proin. Aaenean nobis diam nulla.',25,0,'searchrailwaycharactersassistant','kalea@fromkentucky.com',4,71),(53,'2005-04-02 00:10:48',0,0,1,0,0,1,1,'Ea option laoreet ante accumsannulla nobis, sempermorbi lacus dapibusnam nam lectusnullam veniam eirmod. Sociis tortorcurabitur vestibulumnulla aliquam.',14,0,'cellarstechnicianslaboratoryaugmentation','jolene@fnbmail.co.za',2,22),(54,'2009-01-16 05:23:55',0,0,1,1,1,1,0,'Facer accumsan ut soluta muspellentesque. Dolor tellus maurisaenean aliquet.',37,0,'warehousedrillersbattlebush','kalea@fromkentucky.com',4,65),(55,'2014-11-15 19:40:24',0,0,0,1,1,0,1,'Imperdietaliquam nisl duis iusto rebum sea, wisi nulla voluptua ultricies himenaeos urnamorbi facilisis tempor feliscras. Praesent magnapraesent natoque cum vel, vestibulumnulla habitasse curabitur massapellentesque conguenulla quam vivamus consectetuer convallis vero.',4,0,'deputiesmissilestransportpistons','stacy@mail2florida.com',10,30),(56,'2011-07-12 00:56:58',0,0,0,0,1,1,1,'Hendrerit sadipscing vehicula dignissim consequatduis bibendumin. Dictumst justo placerat minim, eget adipiscing autem netus pulvinarvestibulum commodo massaphasellus nostrud.',35,0,'circumferencesgroomsimagereplacements','marianne@dangerous-minds.com',1,32),(57,'2013-02-09 12:38:07',0,0,0,1,1,1,0,'Volutpatut dictumstvivamus dapibus. Hac nisised mauris, sadipscing egestas autem clita vulputate consequatduis consectetuer euismod.',25,0,'deputiesmissilestransportpistons','harrison@from-argentina.com',6,51),(58,'2014-07-23 10:59:43',0,0,0,0,0,1,0,'Takimata volutpat dapibusnam, sodales felis ornare liber suscipit qui. Facilisisat rutrum, ligula possim temporsuspendisse nonumy hendrerit.',53,0,'searchrailwaycharactersassistant','harrison@from-argentina.com',6,10),(59,'2009-09-18 08:42:25',0,0,1,0,0,1,1,'Quisaenean dictum antesuspendisse, quammaecenas odio eos ad. In sapien leopraesent arcu, consecteturpraesent ipsum feugait.',49,0,'circumferencesgroomsimagereplacements','mikayla@onet.pl',8,12),(60,'2009-04-10 03:29:59',0,0,0,0,0,1,1,'Leo, lacus illum nonumy vel ipsumcurabitur option. Cubilia in enimaliquam nulla nibh, nostra interdum dapibus netus auctormauris enimsed blandit hac quisaenean eros.',57,0,'radiussemaphoresdisplacementbucket','mikayla@onet.pl',8,56),(61,'2009-02-08 23:51:17',0,0,0,1,1,0,0,'Fringilla ipsuminteger. Labore nam mollis, ipsuminteger cum consecteturpraesent bibendum vel elitr blandit.',8,0,'warehousedrillersbattlebush','jolene@fnbmail.co.za',2,44),(62,'2012-12-15 19:29:09',0,0,1,0,0,1,0,'Phasellus id. Magnainteger vestibulum telluspraesent urnamorbi sodalessed bibendum purusvestibulum, cursus amet velit kasd molestie sem elit.',34,0,'circumferencesgroomsimagereplacements','jolene@fnbmail.co.za',2,32),(63,'2010-05-27 16:46:36',0,0,1,0,0,0,1,'Penatibus erosin ipsum massapellentesque eum. Iusto veniam nisi vitae et consequat, semvestibulum eros vulputate facilisicurabitur rhoncus.',17,0,'sweepshellosatellitescrap','stacy@mail2florida.com',10,34),(64,'2014-10-09 00:29:53',0,0,1,1,1,1,0,'Odio semvestibulum wisi quammaecenas tempor. Luptatum gravida faucibusvestibulum purusvestibulum quammaecenas mauris, aaenean nostra nibh nonummy aenean bibendum convallis.',16,0,'distributionswindowlensesdrug','marianne@dangerous-minds.com',1,37),(65,'2013-02-21 15:41:53',0,0,0,1,0,0,1,'Faucibus semper, enimaliquam nisl suscipit vel elit nequeetiam. Adipiscing cursus aaenean ultrices pulvinarvestibulum hendrerit, curae molestie nihil senectus quis metus massapellentesque purus viverra.',33,0,'rampchemicalsignalmenquota','harrison@from-argentina.com',6,36),(66,'2010-11-15 15:17:51',0,0,1,0,0,0,1,'Montes aenean massapellentesque nonumy imperdietaliquam, facilisis adipiscing ultricies. Wisi illum sapien.',NULL,0,'exitsmanualsgaragefreshwater','stacy@mail2florida.com',10,79),(67,'2005-04-17 03:15:41',0,0,1,0,1,0,1,'Eleifend aenean imperdiet vulputate minim, veniam eu primis ipsuminteger montes dapibusnam blandit quam quisaenean nostra. Erat congue aliquyam ea elitduis.',3,0,'frameexposurepagesuns','kalea@fromkentucky.com',4,49),(68,'2005-08-25 01:09:34',0,0,1,1,1,1,0,'Consectetuer liber tincidunt consetetur egestasmauris venenatis. Telluspraesent id.',52,0,'warehousedrillersbattlebush','brennan@bootmail.com',9,44),(69,'2008-03-16 21:09:19',0,0,1,1,0,0,0,'Massapellentesque consequatduis feliscras conguenulla iusto sea, posuere dolor eget mi mazim muspellentesque dolore nihil fringilla. Doming tempor faucibusvestibulum, mollis fames nec eum.',63,0,'deputiesmissilestransportpistons','harrison@from-argentina.com',6,51),(70,'2013-08-13 21:02:22',0,0,0,1,1,0,0,'Quod laoreetphasellus duimauris esse orci suscipit, tristique duis autem hac egestasmauris habitant. Dolor orci dapibus.',2,0,'mugwastespresentationsplash','stacy@mail2florida.com',10,75),(71,'2006-09-03 18:46:53',0,0,0,1,1,1,1,'Rhoncus commodo blandit ut sodalessed eleifend, maecenas iaculis rebum nam semvestibulum facilisis. Tortorvestibulum justocras dapibus aliquip, sociis amet fermentumfusce dictumst ipsumcurabitur conubia id odio.',5,0,'exitsmanualsgaragefreshwater','brennan@bootmail.com',9,24),(72,'2005-06-15 08:11:00',0,0,0,0,0,1,0,'Mazim muspellentesque minim aptent, maecenas arcumorbi tortor sed. Est ea habitant lobortisetiam bibendumin laoreet, nullamauris lobortis gubergren aliquip mollis.',8,0,'circumferencesgroomsimagereplacements','mikayla@onet.pl',8,32),(73,'2012-11-15 06:00:51',0,0,1,0,0,1,0,'Egestasmauris vestibulumnulla enimnulla consetetur mollis, fames imperdietaliquam erosin possim. Euismod in nostrud, nunc fusce eirmod augue vivamus.',55,0,'varietytabulationstellerspresumption','brennan@bootmail.com',9,2),(74,'2012-06-04 09:29:40',0,0,1,0,1,1,0,'Ea nonumy massapellentesque in aliquam, a sodales condimentum possim luctus aenean. Magnainteger eratproin torquent ipsum justocras, eleifend consectetur stet interdum nibh mauris.',35,0,'hoseamperagegangwaygame','stacy@mail2florida.com',10,62),(75,'2010-04-03 05:57:38',0,0,1,0,1,0,1,'Ut nihil sanctus ligula massa, sodalessed ridiculus venenatis natoque diam maecenas. Erosin enimnulla aliquam mollis pretium sed interdumdonec posuere, felissed massaphasellus phasellus pharetra eirmod kasd rhoncusmaecenas.',3,0,'loudspeakersmirrorslanguagebigamies','brennan@bootmail.com',9,26),(76,'2012-12-19 05:07:12',0,0,1,0,0,1,1,'Condimentum iaculis ut, lorem tempor lacusnulla justocras. Veniam qui curabitur.',70,0,'exitsmanualsgaragefreshwater','brennan@bootmail.com',9,24),(77,'2014-05-21 03:15:00',0,0,0,1,0,1,0,'Porttitor augue faucibus sodalessed. Condimentum takimata semvestibulum consectetuer.',6,0,'radiussemaphoresdisplacementbucket','karyn@mail2downtown.com',5,58),(78,'2010-12-06 18:40:21',0,0,0,1,1,1,1,'Primis natoque blandit per risus quod, gubergren option pulvinarvestibulum taciti tortorcurabitur stet. Ut egestasmauris integer risusdonec.',34,0,'searchrailwaycharactersassistant','jolene@fnbmail.co.za',2,10),(79,'2005-01-10 11:56:15',0,0,0,1,1,0,1,'Vestibulum senectus. Scelerisque conguenulla nostrud.',17,0,'twirlsbatteriestanvoltage','stacy@mail2florida.com',10,15),(80,'2005-01-04 02:54:31',0,0,0,1,1,1,0,'Morbi tempor ipsum, a faucibusvestibulum orci lacinia. Feugiat minulla, curae nec ametduis duo magnainteger semvestibulum.',59,0,'frameexposurepagesuns','shawna@dontgotmail.com',7,53),(81,'2013-01-07 13:36:17',0,0,0,1,0,1,0,'Id ipsum bibendum leopraesent quam tincidunt dapibusnam sagittis, commodo aliquam takimata non iusto tortorcurabitur. Nascetur gubergren ex aliquet pulvinarvestibulum zzril augue, consectetur duimauris duis consecteturpraesent enimnulla.',37,0,'magnetboltsswivelbump','harrison@from-argentina.com',6,61),(82,'2008-02-13 21:10:31',0,0,0,0,0,1,0,'Curae fames sit cubilia. Aliquet lobortisetiam ut maecenas eratproin blandit.',63,0,'rampchemicalsignalmenquota','stacy@mail2florida.com',10,55),(83,'2005-04-01 06:21:06',0,0,1,1,1,0,0,'Vulputate venenatis luctus elitr duis quod et, clita vestibulum nostra consetetur penatibus. Pulvinar lectusnullam, ultricies aliquet magnis te placerat.',67,0,'exitsmanualsgaragefreshwater','kalea@fromkentucky.com',4,24),(84,'2008-05-03 10:00:01',0,0,0,0,1,1,0,'Minim dapibusnam. Nequeetiam enim metusdonec, consequatduis tortorcurabitur massapellentesque duo viverra praesent nascetur.',53,0,'statementprisonerforecastlesapple','shawna@dontgotmail.com',7,33),(85,'2008-08-13 17:28:04',0,0,1,1,0,1,0,'Clita tellus sit autem, te torquent enim no faucibusvestibulum quam. Nullasuspendisse eleifend arcu justo gravida a.',31,0,'rampchemicalsignalmenquota','shawna@dontgotmail.com',7,55),(86,'2007-01-04 20:19:00',0,0,0,0,0,0,1,'Ultriciespellentesque tincidunt sed, lectus massapellentesque tempus turpis at mus. Ut est liberoduis parturient eros primis.',55,0,'circumferencesgroomsimagereplacements','wilbert@mail2whitney.com',3,64),(87,'2006-08-16 22:11:26',0,0,0,1,0,1,1,'Rutrum massa magnis enim labore iaculis, primis egestasmauris variuscras inceptos scelerisque. Feliscras semvestibulum nec te risus liber, dis magna maecenas curabitur rhoncus tation scelerisque.',79,0,'radiussemaphoresdisplacementbucket','brennan@bootmail.com',9,58),(88,'2007-06-20 06:10:29',0,0,0,0,1,1,0,'Laoreet parturient felissed zzril, delenit mazim blandit justo soluta. Duimauris erosin fames bibendum aptent.',63,0,'circumferencesgroomsimagereplacements','harrison@from-argentina.com',6,80),(89,'2010-03-28 06:19:30',0,0,1,1,0,0,1,'Elitduis duo nihil quam, commodo nisised lectus interdum consequat congue. Vel muspellentesque donec no sapien mipellentesque, nullam arcu primis dolores.',82,0,'circumferencesgroomsimagereplacements','karyn@mail2downtown.com',5,7),(90,'2011-05-18 20:42:16',0,0,1,1,1,0,0,'Sedfusce class temporsuspendisse congue, dictum consectetuer bibendumfusce quisque quam ad. Maurisaenean metusdonec purus duo erat egestas, quod elitnunc lectusnullam curae sociosqu viverra kasd semper duimauris.',78,0,'magnetboltsswivelbump','jolene@fnbmail.co.za',2,61),(91,'2005-11-19 08:37:55',0,0,1,0,1,1,1,'Nonumy arcu congue maecenas vitae facer liber, mus egestas dictumstvivamus magna himenaeos condimentum id doming. Dui vivamus platea sanctus nostra a.',88,0,'deputiesmissilestransportpistons','stacy@mail2florida.com',10,6),(92,'2013-04-25 17:35:08',0,0,0,0,0,1,0,'Rutrum exerci ipsuminteger magnainteger, eleifend quam pulvinarvestibulum wisi massapellentesque. Nisised purus pulvinar tempor leopraesent, justocras eratproin delenit facilisi.',19,0,'sweepshellosatellitescrap','mikayla@onet.pl',8,23),(93,'2013-11-18 16:55:33',0,0,0,0,0,0,0,'Justocras dictumstvivamus antesuspendisse, lacusnulla lectus egestas dignissim taciti tincidunt. Senectus facilisicurabitur parturient quis facilisisat pulvinarvestibulum felis, justo purus convallis nostrud malesuadanullam.',56,0,'stateexchangesmountainsoperabilities','kalea@fromkentucky.com',4,1),(94,'2005-12-19 03:22:28',0,0,0,1,0,0,0,'Taciti ornare quisque mauris massaphasellus enimnulla, habitasse dolore aliquet esse feugiat sollicitudin dui ridiculus eum. Commodo consetetur erosin sedfusce diam, iusto magnainteger aaenean vehicula lacusut posuere stet ultriciespellentesque.',65,0,'exitsmanualsgaragefreshwater','shawna@dontgotmail.com',7,20),(95,'2014-04-13 19:51:25',0,0,0,1,0,0,0,'Neque dui phasellus. Neque interdum tation leo nunccurabitur eirmod velit natoque, nascetur no pharetra tempus vel faucibus.',84,0,'separationproportionstalkersdocumentation','mikayla@onet.pl',8,60),(96,'2005-04-25 08:57:44',0,0,0,0,0,1,0,'Tincidunt ad ametduis soluta luctus nibh nequeetiam tellus, habitant no leo justocras clita aliquet et. Lobortisetiam at malesuada purus elitnunc sem, mattis vehicula quisque placerat risusdonec massa dictumst.',8,0,'mugwastespresentationsplash','karyn@mail2downtown.com',5,74),(97,'2012-11-06 21:16:46',0,0,0,0,0,1,1,'Ridiculus, libero eratproin purus sodalessed invidunt minim. Aptent parturient nonummy urnamorbi magnis.',3,0,'sweepshellosatellitescrap','harrison@from-argentina.com',6,31),(98,'2013-11-11 12:26:08',0,0,0,0,0,1,0,'Eos lacinia mauris nobis convallis mollis facilisinam, metusdonec erat augue metus voluptua consecteturpraesent. Molestie antesuspendisse nisl.',2,0,'hoseamperagegangwaygame','marianne@dangerous-minds.com',1,62),(99,'2010-03-12 16:28:22',0,0,1,1,0,0,0,'Inceptos cum tortorvestibulum sodales, elitduis platea nostra interdum vehicula minim rhoncusmaecenas clita ipsumcurabitur. Feliscras sed feugait nondonec vulputate suspendisse.',42,0,'searchrailwaycharactersassistant','brennan@bootmail.com',9,78),(100,'2010-01-09 22:12:30',0,0,0,1,0,0,1,'Liberoduis consequat auctormauris commodo sedfusce, mattis feugiat magna ante taciti eros turpis. Orci magnainteger fermentum augue aliquip minim.',60,0,'searchrailwaycharactersassistant','shawna@dontgotmail.com',7,71),(101,'2008-11-24 14:10:47',0,0,0,1,0,1,1,'Urna sem quod voluptua nunc fusce. Aliquet mazim exerci convallis.',56,0,'exitsmanualsgaragefreshwater','karyn@mail2downtown.com',5,76),(102,'2013-05-22 10:14:44',0,0,1,1,1,1,0,'Tempus faucibusvestibulum eleifend himenaeos velit, senectus nisised laoreetphasellus non nullasuspendisse. Sedfusce augue fringilla pulvinar, imperdiet nondonec nonummy dolore non nunc venenatis.',37,0,'separationproportionstalkersdocumentation','stacy@mail2florida.com',10,13),(103,'2014-05-04 13:08:53',0,0,1,1,1,1,1,'Aliquet gubergren lorem nullamauris aliquammauris tortor, senectus justocras fermentum vero sea. Facer torquent himenaeos consectetuer iaculis.',9,0,'shippingdaysdrunksboards','kalea@fromkentucky.com',4,18),(104,'2009-05-28 13:34:46',0,0,1,1,1,1,1,'Parturient netus option faucibusvestibulum, urnamorbi consequatduis hendrerit leopraesent bibendumin nulla aliquam quis nostra. Facilisisat cursus elitvivamus stet mipellentesque sodalessed elit, primis rutrum ante ut nunccurabitur dapibus magna.',18,0,'frameexposurepagesuns','stacy@mail2florida.com',10,49),(105,'2010-12-25 10:19:15',0,0,0,1,0,1,1,'Variuscras hac wisi per dolores, eget egestas semvestibulum lobortisetiam mauris laoreetphasellus. Pellentesque ante nisi sed.',10,0,'exitsmanualsgaragefreshwater','shawna@dontgotmail.com',7,5),(106,'2009-12-10 12:16:29',0,0,1,0,1,0,0,'Auctor ad sociosqu ultriciespellentesque, quisque feugiat laoreet imperdietaliquam. Tellus laoreetphasellus facilisisat auctormauris dictumst eum, iusto massaphasellus soluta elementum dui eos auctor ultriciespellentesque habitasse.',85,0,'shelterarmamentindicatorwaste','brennan@bootmail.com',9,50),(107,'2005-12-16 03:27:49',0,0,1,1,0,1,0,'Eratproin litora lacinia penatibus libero porttitor. Cras tristique elementum, ornare iusto mus dictumstvivamus at aenean.',15,0,'separationproportionstalkersdocumentation','wilbert@mail2whitney.com',3,13),(108,'2012-12-27 22:49:36',0,0,1,1,1,0,0,'Condimentum magna sempermorbi platea consetetur interdum. Natoque facer nobis proin varius, tortorcurabitur quisque viverra nihil etiam leo.',81,0,'rampchemicalsignalmenquota','wilbert@mail2whitney.com',3,55),(109,'2012-10-09 17:48:35',0,0,1,0,0,0,1,'Wisi elitvivamus liberoduis fermentum, imperdietaliquam nobis consetetur. Eros maurisaenean.',36,0,'mugwastespresentationsplash','mikayla@onet.pl',8,74),(110,'2011-03-20 04:09:45',0,0,0,0,1,1,0,'Assum sagittis eirmod gubergren, vitae consectetuer conubia natoque. Duimauris nullam elit bibendumfusce, kasd autem velit dictum.',45,0,'stateexchangesmountainsoperabilities','harrison@from-argentina.com',6,16),(111,'2006-03-26 20:27:26',0,0,0,0,0,0,1,'Tempor option tation, lobortisetiam wisi morbi dolore nostra. Ad felissed hendrerit, ultriciespellentesque mollis eget nonumy qui.',31,0,'mugwastespresentationsplash','harrison@from-argentina.com',6,75),(112,'2010-07-06 16:57:48',0,0,1,1,0,1,1,'Ultricies aaenean ac inceptos sodalessed doming. Hac leopraesent integer nulla, minulla ligula liberoduis placerat aliquam iaculis velit egestasmauris.',23,0,'twirlsbatteriestanvoltage','shawna@dontgotmail.com',7,15),(113,'2013-05-06 08:04:17',0,0,0,0,1,1,1,'Accumsannulla egestasmauris sem facilisisat sea, fringilla laoreetphasellus enimsed qui netus elitr. Facilisisat commodo nihil quod.',76,0,'exitsmanualsgaragefreshwater','kalea@fromkentucky.com',4,20),(114,'2006-06-13 13:15:55',0,0,1,0,1,1,1,'Duo ea mauris elitvivamus illum, laoreetphasellus ad ametduis doming habitant. Magnainteger purusvestibulum.',7,0,'separationproportionstalkersdocumentation','marianne@dangerous-minds.com',1,54),(115,'2011-09-16 15:02:30',0,0,1,1,0,1,0,'Non nequeetiam quis, conguenulla himenaeos class enimnulla nibh dolor faucibus. Urnamorbi lobortisetiam senectus bibendumfusce adipiscing.',76,0,'hoseamperagegangwaygame','marianne@dangerous-minds.com',1,62),(116,'2010-10-12 06:35:01',0,0,1,0,1,0,1,'Potenti soluta justo dis nam voluptua quammaecenas, feugait dictumst volutpatut rhoncusmaecenas aliquam eleifend. Ridiculus laoreetphasellus tempus vel enimnulla felis scelerisque at, senectus conubia eos vero lacusut justocras.',69,0,'deputiesmissilestransportpistons','wilbert@mail2whitney.com',3,77),(117,'2009-09-20 09:44:03',0,0,1,1,0,1,1,'Ullamcorper elementum nullam sodales sociosqu, sem integer iriure nullasuspendisse. Nunc placerat metus, nonummy ut minulla illum vestibulum ametduis.',21,0,'frameexposurepagesuns','shawna@dontgotmail.com',7,25),(118,'2014-07-15 08:38:48',0,0,1,0,0,1,0,'Te, maurisaenean soluta posuere mollis elitvivamus rebum. Enim bibendum ut magnainteger, labore nunc lacus cum ultricies.',16,0,'frameexposurepagesuns','jolene@fnbmail.co.za',2,53),(119,'2007-04-13 09:50:46',0,0,0,1,1,1,0,'Sempermorbi ullamcorper quisque augue aenean facilisis, lectus accumsan ac quod suscipit dolores. Luptatum dignissim aliquet tincidunt urnapraesent posuere aliquyam, interdum maecenas purus arcumorbi elit.',76,0,'hoseamperagegangwaygame','brennan@bootmail.com',9,62),(120,'2012-10-03 00:38:51',0,0,0,0,0,1,0,'Rhoncusmaecenas enim nibh, fermentum elitduis pretium mipellentesque. Nunc ac qui, dictumst class wisi massapellentesque mollis tortor.',9,0,'bloodsubmariningtissuesuniverse','shawna@dontgotmail.com',7,41),(121,'2011-03-08 15:01:27',0,0,1,0,0,1,1,'Vel feliscras dictumst eum donec risusdonec, felis vero senectus nondonec exerci primis tortor vestibulumnulla. Accumsan vestibulum dictumst enimsed malesuadanullam, ipsuminteger enimaliquam ornare neque diam.',108,0,'sweepshellosatellitescrap','kalea@fromkentucky.com',4,31),(122,'2012-08-20 09:03:31',0,0,0,1,1,1,1,'Euismod elitvivamus telluspraesent vestibulumnulla dui nihil, pulvinar iusto porta semper sodalessed id mauris. Scelerisque dapibus sit eratproin lobortis magnainteger, et sodalessed ipsum option iusto pharetra.',20,0,'sweepshellosatellitescrap','kalea@fromkentucky.com',4,31),(123,'2009-02-08 04:12:15',0,0,0,0,1,0,1,'Orci feugiat hac autem, purus duis pellentesque euismod facilisisat malesuadanullam. Duo soluta nostrud minim stet, felissed sed quisque.',13,0,'loudspeakersmirrorslanguagebigamies','shawna@dontgotmail.com',7,26),(124,'2010-10-26 22:49:18',0,0,1,0,0,0,0,'Aliquet fusce liber lorem primis quisque. Risus ipsum.',71,0,'rampchemicalsignalmenquota','karyn@mail2downtown.com',5,72),(125,'2011-11-18 15:10:24',0,0,0,0,0,0,1,'Tation morbi quam purus pharetra, laoreet nam aaenean justo neque. Porta malesuada liberoduis.',12,0,'bloodsubmariningtissuesuniverse','wilbert@mail2whitney.com',3,41),(126,'2012-05-26 23:55:41',0,0,1,1,1,1,0,'Nequeetiam interdumdonec feugiat natoque, posuere sedfusce phasellus. Amet feugiat vitae pretium no.',88,0,'firesconversionstaplerokays','marianne@dangerous-minds.com',1,4),(127,'2007-09-10 14:40:26',0,0,1,0,0,1,0,'Risusdonec vitae ut lorem, porta ultriciespellentesque facilisisat minulla enimsed. Mattis soluta, phasellus sapien vestibulumnulla tortor ametduis hac.',51,0,'searchrailwaycharactersassistant','mikayla@onet.pl',8,71),(128,'2012-12-01 21:38:11',0,0,0,0,1,0,1,'In cubilia posuere felis. Erat gubergren lacusut tempor cum nequeetiam labore dolores, ultriciespellentesque a facilisicurabitur nibh ex risus.',9,0,'rampchemicalsignalmenquota','karyn@mail2downtown.com',5,67),(129,'2006-08-11 16:14:00',0,0,0,1,0,1,1,'Scelerisque porttitor donec nullasuspendisse pharetra, laoreet feliscras enimnulla egestas option aenean commodo lacus accumsan. Maecenas autem justocras nascetur.',38,0,'stateexchangesmountainsoperabilities','mikayla@onet.pl',8,16),(130,'2012-02-12 22:31:25',0,0,1,1,1,1,0,'Volutpat ullamcorper elitnunc autem quis aaenean pulvinar, elit nostra morbi semvestibulum nobis habitasse sedfusce. Felissed metus.',115,0,'separationproportionstalkersdocumentation','brennan@bootmail.com',9,70),(131,'2012-07-15 18:14:15',0,0,0,1,1,1,1,'Labore, nibh odio eu ullamcorper conubia facilisisproin. Ornare morbi montes, accusam netus semvestibulum hendrerit iusto lacus nullamauris eos.',113,0,'sweepshellosatellitescrap','harrison@from-argentina.com',6,34),(132,'2010-06-14 03:20:55',0,0,0,1,0,0,1,'Eum condimentum ultriciespellentesque enimaliquam tincidunt, laoreetphasellus volutpat aenean ornare euismod enimnulla. Ultricies ipsum lacinia nisi torquent, lobortisetiam montes dolor.',51,0,'shippingdaysdrunksboards','wilbert@mail2whitney.com',3,27),(133,'2005-06-09 15:32:57',0,0,0,1,0,1,1,'Montes stet mazim posuere. Invidunt nullasuspendisse, curabitur placerat auctormauris platea sanctus.',38,0,'separationproportionstalkersdocumentation','marianne@dangerous-minds.com',1,70),(134,'2005-08-07 22:18:08',0,0,1,0,0,0,1,'Montes dolores temporsuspendisse at. Malesuada ad variuscras, phasellus facer eratproin gravida.',76,0,'circumferencesgroomsimagereplacements','harrison@from-argentina.com',6,12),(135,'2009-09-09 09:29:20',0,0,1,0,1,1,0,'Convallis stet enimaliquam tortor voluptua ligula ultriciespellentesque, fames ut eratproin hac imperdietaliquam vehicula dui. Rutrum nobis eratproin.',106,0,'circumferencesgroomsimagereplacements','shawna@dontgotmail.com',7,64),(136,'2012-02-08 07:23:06',0,0,1,1,0,1,1,'Pretium elitduis. Soluta nisi tristique natoque cubilia dictumst.',89,0,'bloodsubmariningtissuesuniverse','stacy@mail2florida.com',10,28),(137,'2013-10-04 15:20:51',0,0,1,0,0,0,1,'Faucibus proin quam nisised imperdietaliquam, taciti ac duis non. Urnamorbi mollis.',86,0,'rampchemicalsignalmenquota','shawna@dontgotmail.com',7,36),(138,'2013-04-13 21:14:40',0,0,0,1,0,0,1,'Sapien quis, option posuere libero metus enimsed temporsuspendisse. Facilisi quam nobis feugait, nonumy turpis primis maurisaenean commodo lacusnulla.',72,0,'sweepshellosatellitescrap','stacy@mail2florida.com',10,23),(139,'2013-09-23 10:20:12',0,0,0,1,1,0,1,'Porta phasellus non donec nullamauris faucibusvestibulum natoque nondonec, dis aenean odio vestibulumnulla zzril eratproin. Enim, fusce litora sem at augue hendrerit.',128,0,'bloodsubmariningtissuesuniverse','harrison@from-argentina.com',6,28),(140,'2014-10-08 19:14:55',0,0,1,1,1,0,0,'Curabitur sadipscing hendrerit congue convallis fermentumfusce, bibendumfusce nascetur dictumstvivamus platea morbi. Tempus libero pellentesque elementum ultriciespellentesque, praesent placerat qui tempor dis.',124,0,'exitsmanualsgaragefreshwater','wilbert@mail2whitney.com',3,24),(141,'2012-01-10 15:39:53',0,0,0,1,0,1,1,'Lectusnullam consectetuer cum delenit auctor, arcumorbi dictumstvivamus iriure quis enimaliquam te quisaenean non quammaecenas. Sed varius risus autem nullam pellentesque, sodalessed platea voluptua doming nullamauris facilisisproin.',104,0,'bloodsubmariningtissuesuniverse','karyn@mail2downtown.com',5,28),(142,'2006-06-09 16:36:09',0,0,1,0,0,0,1,'Facilisis cubilia elitnunc. Lorem penatibus invidunt variuscras justocras enimaliquam integer, eleifend accumsan himenaeos nisised magnis quam erosin.',9,0,'shippingdaysdrunksboards','marianne@dangerous-minds.com',1,18),(143,'2008-12-09 03:54:57',0,0,1,1,1,0,0,'Nondonec dolore. No mollis suscipit dis metusdonec.',121,0,'searchrailwaycharactersassistant','jolene@fnbmail.co.za',2,78),(144,'2012-08-17 12:29:51',0,0,1,0,0,1,0,'Volutpatut faucibusvestibulum, dolore lacusnulla laoreet sollicitudin mus commodo aenean. Feliscras scelerisque dui erat, ipsuminteger exerci justo.',46,0,'shelvesstakeeditortelephone','karyn@mail2downtown.com',5,52),(145,'2014-02-15 13:37:23',0,0,0,1,0,0,0,'Wisi ex diaminteger arcumorbi vulputate senectus, bibendumfusce non eos nullam illum mauris ante nonumy. Hendrerit torquent ligula risus ac, sanctus liber turpis zzril ut felis ornare integer vitae conguenulla.',64,0,'firesconversionstaplerokays','mikayla@onet.pl',8,69),(146,'2011-10-23 11:24:27',0,0,1,1,1,0,1,'Vestibulum tristique libero adipiscing ultrices placerat, eget minim nunccurabitur eros ac proin. Mazim volutpatut auctormauris sociosqu cum tempor, interdum magnis eleifend interdumdonec habitant.',104,0,'varietytabulationstellerspresumption','shawna@dontgotmail.com',7,2),(147,'2008-05-20 14:59:05',0,0,1,1,1,1,0,'Ex liberoduis nequeetiam vivamus. Odio accumsan risusdonec qui, bibendumin ex senectus.',9,0,'deputiesmissilestransportpistons','harrison@from-argentina.com',6,77),(148,'2006-06-10 12:53:22',0,0,0,0,1,1,0,'Suspendisse suscipit euismod, vero quisque esse primis. Massa urna sociosqu nisl fermentum congue, cum doming ultricies mus a.',57,0,'stateexchangesmountainsoperabilities','stacy@mail2florida.com',10,1),(149,'2014-05-23 00:45:46',0,0,0,0,0,1,1,'Convallis consectetur enimnulla egestasmauris elitnunc imperdiet, sea fusce facilisi purus tortor. Lacus elitvivamus aliquip tristique, commodo diam vel elitnunc libero maecenas odio volutpatut amet.',36,0,'magnetboltsswivelbump','brennan@bootmail.com',9,21),(150,'2011-09-10 08:01:11',0,0,0,0,0,0,0,'Vestibulumnulla litora nequeetiam sollicitudin quisaenean. Conubia nascetur, ultricies ea quod primis vel ex.',32,0,'shelterarmamentindicatorwaste','marianne@dangerous-minds.com',1,50),(151,'2006-12-19 21:48:29',0,0,0,1,1,0,0,'Phasellus nondonec leopraesent bibendumin imperdietaliquam, nulla quisaenean fringilla ultricies hendrerit elitr ante minulla. Mollis elitduis praesent risusdonec, iusto duis eratproin liberoduis convallis ipsumcurabitur faucibus.',90,0,'radiussemaphoresdisplacementbucket','wilbert@mail2whitney.com',3,39),(152,'2014-05-08 05:12:11',0,0,1,1,1,1,1,'Nibh maecenas scelerisque mauris bibendumin facilisisat, arcumorbi pharetra malesuadanullam lectusnullam inceptos purus facilisisproin aenean. Conubia felis dictumst qui, pretium assum amet arcumorbi dapibus no sempermorbi elitnunc suscipit.',142,0,'stateexchangesmountainsoperabilities','marianne@dangerous-minds.com',1,16),(153,'2008-07-27 00:00:29',0,0,1,0,0,1,1,'Massa quammaecenas netus, mi fusce nunc tempor curabitur nulla. Suscipit, vivamus soluta magnis rhoncusmaecenas semvestibulum mauris.',9,0,'separationproportionstalkersdocumentation','wilbert@mail2whitney.com',3,54),(154,'2014-05-12 18:31:48',0,0,0,1,1,0,1,'Rhoncus amet. Tristique nec malesuadanullam aenean nullamauris faucibusvestibulum.',19,0,'circumferencesgroomsimagereplacements','jolene@fnbmail.co.za',2,64),(155,'2008-02-15 22:26:15',0,0,0,1,0,0,0,'Blandit penatibus lobortisetiam ipsum himenaeos placerat duimauris, ea elit nulla liber mauris aliquammauris risus. Tempor facilisicurabitur.',86,0,'rampchemicalsignalmenquota','mikayla@onet.pl',8,55),(156,'2011-11-15 20:36:13',0,0,0,0,0,1,1,'Rebum fermentum tellus bibendumfusce nonummy facilisicurabitur, qui convallis neque volutpat risus facilisis accusam nonumy. Dui wisi consectetuer magna a, morbi mi rhoncus taciti nulla magnis tortor takimata suspendisse donec.',119,0,'frameexposurepagesuns','jolene@fnbmail.co.za',2,25),(157,'2012-03-19 12:07:47',0,0,0,1,1,1,0,'Himenaeos posuere telluspraesent feliscras mollis penatibus, consecteturpraesent ad magnapraesent euismod tortorcurabitur. Erosin eratproin fringilla porta, facilisi sociis cursus molestie inceptos lacusut libero interdum.',73,0,'stateexchangesmountainsoperabilities','wilbert@mail2whitney.com',3,1),(158,'2008-02-08 05:40:27',0,0,0,1,0,0,0,'Urna litora non iriure dolore, risusdonec tortor proin morbi sit fusce elitr malesuadanullam wisi. Quisaenean non consequat urna.',52,0,'shelterarmamentindicatorwaste','mikayla@onet.pl',8,50),(159,'2011-06-20 06:22:32',0,0,1,0,0,1,1,'Curabitur laoreet egestasmauris magnapraesent nonummy vulputate. Per kasd arcu sadipscing, sagittis tristique malesuadanullam nisl illum elementum elitduis semvestibulum risusdonec.',28,0,'circumferencesgroomsimagereplacements','stacy@mail2florida.com',10,12),(160,'2010-06-03 22:24:42',0,0,0,1,1,1,1,'Iusto dui nascetur consequatduis. Vitae consectetur posuere nullamauris, lobortisetiam venenatis accusam nostra.',116,0,'shelvesstakeeditortelephone','wilbert@mail2whitney.com',3,73),(161,'2013-04-14 09:22:38',0,0,0,1,0,0,1,'Tortorvestibulum nobis illum te fringilla platea quisque, faucibusvestibulum porttitor turpis ipsuminteger cubilia. Semvestibulum purus aliquyam ipsuminteger.',28,0,'frameexposurepagesuns','stacy@mail2florida.com',10,53),(162,'2009-10-12 13:25:28',0,0,0,1,0,1,1,'Purusvestibulum amet feugiat quisaenean accumsan, gubergren zzril tortorvestibulum. Facilisisproin duimauris egestasmauris fermentumfusce faucibusvestibulum, gubergren litora condimentum justo lobortisetiam taciti sempermorbi natoque.',79,0,'deputiesmissilestransportpistons','harrison@from-argentina.com',6,51),(163,'2011-10-02 21:56:55',0,0,1,0,1,0,0,'Feugiat blandit consectetur, magna nascetur justo scelerisque sagittis viverra. Penatibus elementum quod quammaecenas labore.',90,0,'bloodsubmariningtissuesuniverse','mikayla@onet.pl',8,28),(164,'2013-11-26 20:09:46',0,0,1,0,1,0,0,'Netus dolore quammaecenas himenaeos potenti sadipscing porta, iriure autem varius porttitor feliscras exerci lectus penatibus. Te possim metusdonec pellentesque nibh ridiculus aliquam imperdietaliquam, consecteturpraesent ligula neque purusvestibulum convallis semper mauris.',142,0,'shelvesstakeeditortelephone','kalea@fromkentucky.com',4,52),(165,'2007-12-08 21:15:02',0,0,1,0,1,1,0,'Neque ultriciespellentesque exerci veniam semper diaminteger, ipsum dapibus felissed sodales. Vero bibendumin vehicula quod enim.',72,0,'separationproportionstalkersdocumentation','mikayla@onet.pl',8,70),(166,'2014-03-19 11:30:58',0,0,0,0,0,1,1,'Elitvivamus lectusnullam dictumstvivamus telluspraesent ridiculus at velit ipsumcurabitur, cursus liber lobortis praesent tristique nascetur justo. Bibendumin dignissim condimentum porta.',93,0,'cellarstechnicianslaboratoryaugmentation','mikayla@onet.pl',8,38),(167,'2011-12-27 16:53:16',0,0,0,0,1,0,1,'Nisl libero tortor dui assum quod, augue gravida risus arcumorbi duis phasellus justocras porttitor. Leo tortor liber nonumy fames, malesuada nondonec curae diam dolore metusdonec faucibusvestibulum magnapraesent proin.',24,0,'radiussemaphoresdisplacementbucket','kalea@fromkentucky.com',4,58),(168,'2010-06-23 22:22:57',0,0,1,1,0,1,0,'Aliquyam nibh dictumstvivamus exerci lacusnulla consetetur. Consequat, posuere nullamauris varius luptatum bibendumfusce habitant.',154,0,'varietytabulationstellerspresumption','kalea@fromkentucky.com',4,29),(169,'2014-02-18 08:54:19',0,0,1,1,0,0,0,'Massapellentesque nullam lacusut pretium, facilisi per vivamus rebum. No volutpat amet, aptent zzril stet tellus takimata lectusnullam.',143,0,'magnetboltsswivelbump','karyn@mail2downtown.com',5,61),(170,'2010-08-16 12:32:44',0,0,0,1,0,0,0,'Risusdonec ultricies consequat sem, luptatum enimnulla stet lectus condimentum qui. Magnapraesent conubia dapibus.',90,0,'radiussemaphoresdisplacementbucket','kalea@fromkentucky.com',4,58),(171,'2013-06-23 06:03:54',0,0,0,0,1,1,1,'Varius urna aliquyam consequatduis telluspraesent, per nonumy platea qui nunc gravida. Ex zzril ametduis, aliquammauris fringilla pharetra egestasmauris laoreet ut nostrud.',52,0,'rampchemicalsignalmenquota','shawna@dontgotmail.com',7,55),(172,'2007-04-20 03:58:16',0,0,0,1,0,0,1,'Laoreet malesuada mollis tortorcurabitur. Antesuspendisse eos, quis pellentesque turpis gubergren quisaenean ipsumcurabitur quisque.',133,0,'magnetboltsswivelbump','kalea@fromkentucky.com',4,21),(173,'2012-03-12 01:54:31',0,0,0,1,1,1,0,'Eum magnapraesent nonummy nisised, facilisinam gravida imperdietaliquam semper. Vulputate elementum ac.',11,0,'radiussemaphoresdisplacementbucket','brennan@bootmail.com',9,39),(174,'2006-12-23 13:30:02',0,0,1,0,0,1,0,'Aliquammauris risus nonumy. Condimentum laoreet praesent facilisisat nec sit, eratproin habitasse ridiculus iusto elitr adipiscing.',55,0,'shippingdaysdrunksboards','mikayla@onet.pl',8,18),(175,'2013-03-07 03:06:59',0,0,1,0,0,1,1,'Egestas enimaliquam semvestibulum curabitur bibendumfusce tempor, magnainteger enimnulla nonumy eum neque. Aenean exerci nondonec ridiculus cursus clita nisi, volutpat ultrices parturient sociosqu curae feugait.',83,0,'hoseamperagegangwaygame','karyn@mail2downtown.com',5,62),(176,'2012-10-04 13:01:02',0,0,0,0,0,0,1,'Varius clita leopraesent sagittis velit felissed. Eros penatibus leo, justo wisi suscipit dui conubia molestie volutpat nascetur.',26,0,'shippingdaysdrunksboards','jolene@fnbmail.co.za',2,27),(177,'2012-10-11 19:46:47',0,0,1,1,0,0,1,'Cum eratproin aptent nascetur possim, sed at eum. Ipsuminteger turpis porta, urnapraesent mus nisised malesuada varius pretium.',9,0,'magnetboltsswivelbump','brennan@bootmail.com',9,61),(178,'2014-06-06 07:54:09',0,0,1,1,1,1,1,'Bibendum nunccurabitur vulputate. Per arcumorbi aptent lacusnulla, primis zzril feliscras.',116,0,'shelvesstakeeditortelephone','jolene@fnbmail.co.za',2,52),(179,'2013-10-12 15:05:37',0,0,0,1,0,1,1,'Option justo cras sadipscing. Eros maurisaenean posuere.',141,0,'shelterarmamentindicatorwaste','mikayla@onet.pl',8,50),(180,'2008-10-14 13:32:32',0,0,1,1,1,0,1,'Feugait quis vulputate, mattis nobis proin id. Felis volutpat iriure dis rhoncus eos, natoque mattis facilisicurabitur donec euismod neque sadipscing.',114,0,'stateexchangesmountainsoperabilities','stacy@mail2florida.com',10,16),(181,'2006-09-03 05:59:04',0,0,1,0,0,1,0,'Lectusnullam feugait nobis accumsan parturient. Egestasmauris muspellentesque vel malesuada fringilla eleifend massapellentesque arcumorbi, erat leo a facilisisat pretium delenit interdum.',178,0,'exitsmanualsgaragefreshwater','harrison@from-argentina.com',6,20),(182,'2009-03-21 17:44:20',0,0,1,0,0,1,0,'Placerat nascetur nostrud facilisi vestibulum, dictumstvivamus a class. Velit tation auctormauris consectetur nequeetiam exerci.',79,0,'sweepshellosatellitescrap','mikayla@onet.pl',8,23),(183,'2012-12-06 04:35:07',0,0,0,0,1,1,1,'Senectus laoreet et integer tation, risusdonec muspellentesque minim libero. Sollicitudin senectus nulla, lacusnulla tation nascetur faucibus venenatis proin purus.',128,0,'distributionswindowlensesdrug','brennan@bootmail.com',9,37),(184,'2008-12-28 02:08:10',0,0,1,0,0,1,1,'Zzril accumsannulla massaphasellus risusdonec assum. Sociosqu fames nostra ipsum, nunccurabitur sollicitudin malesuada justo viverra condimentum cubilia sodales habitant.',141,0,'frameexposurepagesuns','mikayla@onet.pl',8,25),(185,'2011-03-19 06:37:31',0,0,0,1,1,1,1,'Iaculis augue. Sem egestas iaculis voluptua dictumstvivamus conubia, litora nam clita tation.',65,0,'varietytabulationstellerspresumption','kalea@fromkentucky.com',4,2),(186,'2010-07-04 23:46:23',0,0,0,0,1,1,1,'Urna takimata congue nihil dictum quam, enimsed pharetra rhoncus leo urnamorbi. Sodalessed facilisinam varius ridiculus id.',73,0,'deputiesmissilestransportpistons','kalea@fromkentucky.com',4,51),(187,'2010-12-12 23:01:28',0,0,1,1,0,1,1,'Potenti lectus quisque lacusut, facilisisproin mattis ametduis. Volutpat duis cubilia, fusce elitduis nonummy aliquyam sadipscing eum muspellentesque exerci.',146,0,'hoseamperagegangwaygame','shawna@dontgotmail.com',7,35),(188,'2008-11-11 10:53:41',0,0,1,1,1,1,1,'Nisl potenti lectus facilisinam, fusce consetetur venenatis convallis te nunccurabitur luptatum vivamus. Gubergren pulvinarvestibulum semvestibulum interdumdonec.',60,0,'sweepshellosatellitescrap','wilbert@mail2whitney.com',3,23),(189,'2008-06-01 01:40:02',0,0,0,0,1,1,0,'Orci felissed et curae porta, mipellentesque zzril tation nequeetiam penatibus clita magna dictumstvivamus. Laoreet erosin phasellus mipellentesque nostrud lacusut.',122,0,'formsdestroyershuntdistribution','kalea@fromkentucky.com',4,45),(190,'2010-05-02 05:15:15',0,0,1,0,0,1,0,'Facilisi quisaenean felis aaenean magnis, magnapraesent felissed mauris vel. Variuscras dui facilisi litora esse, interdumdonec kasd stet pellentesque ea.',54,0,'exitsmanualsgaragefreshwater','stacy@mail2florida.com',10,20),(191,'2010-08-22 11:19:19',0,0,1,0,1,0,1,'Ac sedfusce netus curae per, massaphasellus elementum potenti. Rhoncusmaecenas delenit felis leo massapellentesque sapien, metus lobortisetiam etiam mipellentesque quis per mazim placerat habitasse.',29,0,'mugwastespresentationsplash','wilbert@mail2whitney.com',3,74),(192,'2007-02-16 04:45:22',0,0,0,0,1,0,0,'Facer sadipscing egestas conubia per variuscras, sodalessed maurisaenean lorem aptent. Maecenas tortorvestibulum nostrud venenatis, turpis ullamcorper elitduis.',1,0,'bloodsubmariningtissuesuniverse','marianne@dangerous-minds.com',1,41),(193,'2006-06-26 17:50:12',0,0,1,0,0,0,1,'Malesuadanullam nisised ipsumcurabitur sed possim erosin, invidunt sodales bibendumfusce quisaenean maurisaenean risus. Id pellentesque quammaecenas lacus telluspraesent, dui sea tortorcurabitur risusdonec iaculis nonummy metus.',113,0,'sweepshellosatellitescrap','jolene@fnbmail.co.za',2,23),(194,'2011-11-15 02:52:32',0,0,1,0,1,0,0,'Hac dui tortorcurabitur lacus fermentum facilisicurabitur, lacinia posuere blandit amet dapibus invidunt nisi platea iusto. Duo vestibulum sadipscing sagittis.',26,0,'formsdestroyershuntdistribution','brennan@bootmail.com',9,8),(195,'2014-04-23 18:17:25',0,0,1,1,1,0,1,'Interdumdonec eum dapibusnam tellus aliquet facilisinam. Aptent sociis vehicula, esse curae turpis taciti fermentum netus.',61,0,'shelvesstakeeditortelephone','marianne@dangerous-minds.com',1,73),(196,'2011-04-20 13:06:23',0,0,0,1,0,0,1,'Nullamauris faucibusvestibulum. Eirmod cursus consequat erat sed massa iaculis, illum proin nisi porttitor accusam.',20,0,'circumferencesgroomsimagereplacements','harrison@from-argentina.com',6,32),(197,'2008-07-06 22:03:42',0,0,1,1,1,1,1,'Lacusnulla libero. Montes cubilia orci urnamorbi consectetuer mattis labore, duo pulvinar congue consectetur liberoduis feugiat quis.',160,0,'distributionswindowlensesdrug','kalea@fromkentucky.com',4,47),(198,'2013-12-03 17:06:39',0,0,0,1,0,0,0,'Eleifend ligula urnamorbi conubia porta, facer ametduis rhoncus venenatis potenti. Euismod vulputate condimentum quammaecenas suscipit egestasmauris.',139,0,'shippingdaysdrunksboards','jolene@fnbmail.co.za',2,19),(199,'2008-04-02 18:47:36',0,0,1,1,0,1,0,'Facilisinam amet consecteturpraesent iaculis volutpatut neque. Elementum facer sedfusce kasd, dapibus dolor ametduis rutrum risus vitae egestas.',16,0,'shelterarmamentindicatorwaste','marianne@dangerous-minds.com',1,59),(200,'2014-03-01 11:36:33',0,0,0,1,0,1,0,'Interdumdonec convallis no sea, urna blandit nostrud facilisicurabitur lacusut scelerisque. Egestas hac.',42,0,'parameterversesbusinessesremovals','stacy@mail2florida.com',10,40);
/*!40000 ALTER TABLE `post` ENABLE KEYS */;
UNLOCK TABLES;

--
-- Table structure for table `subscriptions`
--

DROP TABLE IF EXISTS `subscriptions`;
/*!40101 SET @saved_cs_client     = @@character_set_client */;
/*!40101 SET character_set_client = utf8 */;
CREATE TABLE `subscriptions` (
  `user_id` bigint(20) unsigned NOT NULL,
  `thread_id` bigint(20) unsigned NOT NULL,
  `unsubscribed` tinyint(4) NOT NULL,
  PRIMARY KEY (`user_id`,`thread_id`),
  KEY `fk_user_subscribed_thread1_idx` (`thread_id`),
  KEY `fk_userId_to_user_id_idx` (`user_id`),
  CONSTRAINT `fk_userId_to_user_id` FOREIGN KEY (`user_id`) REFERENCES `user` (`id`),
  CONSTRAINT `fk_threadId_to_thread_id` FOREIGN KEY (`thread_id`) REFERENCES `thread` (`id`)
) ENGINE=InnoDB DEFAULT CHARSET=utf8;
/*!40101 SET character_set_client = @saved_cs_client */;

--
-- Dumping data for table `subscriptions`
--

LOCK TABLES `subscriptions` WRITE;
/*!40000 ALTER TABLE `subscriptions` DISABLE KEYS */;
INSERT INTO `subscriptions` VALUES (1,1,0),(1,4,0),(1,6,0),(1,7,0),(1,8,0),(1,10,0),(1,13,0),(1,16,0),(1,17,0),(1,19,0),(1,26,0),(1,28,0),(1,32,0),(1,37,0),(1,41,0),(1,43,0),(1,50,0),(1,52,0),(1,53,0),(1,55,0),(1,58,0),(1,61,0),(1,63,0),(1,66,0),(1,67,0),(1,72,0),(1,73,0),(1,76,0),(1,79,0),(2,1,0),(2,3,0),(2,5,0),(2,7,0),(2,11,0),(2,15,0),(2,20,0),(2,23,0),(2,29,0),(2,32,0),(2,33,0),(2,39,0),(2,40,0),(2,44,0),(2,49,0),(2,53,0),(2,54,0),(2,56,0),(2,58,0),(2,62,0),(2,67,0),(2,70,0),(2,71,0),(2,72,0),(2,75,0),(2,78,0),(2,80,0),(3,3,0),(3,4,0),(3,11,0),(3,13,0),(3,15,0),(3,17,0),(3,18,0),(3,19,0),(3,31,0),(3,34,0),(3,36,0),(3,37,0),(3,45,0),(3,46,0),(3,49,0),(3,50,0),(3,51,0),(3,52,0),(3,60,0),(3,63,0),(3,65,0),(3,67,0),(3,70,0),(3,71,0),(3,73,0),(3,74,0),(3,75,0),(3,79,0),(4,6,0),(4,8,0),(4,11,0),(4,16,0),(4,17,0),(4,22,0),(4,24,0),(4,25,0),(4,33,0),(4,35,0),(4,42,0),(4,43,0),(4,44,0),(4,46,0),(4,49,0),(4,52,0),(4,56,0),(4,60,0),(4,64,0),(4,65,0),(4,69,0),(4,73,0),(4,74,0),(4,79,0),(5,2,0),(5,4,0),(5,6,0),(5,7,0),(5,11,0),(5,14,0),(5,15,0),(5,16,0),(5,19,0),(5,21,0),(5,28,0),(5,29,0),(5,35,0),(5,36,0),(5,39,0),(5,52,0),(5,53,0),(5,56,0),(5,57,0),(5,59,0),(5,63,0),(5,67,0),(5,68,0),(5,69,0),(5,71,0),(5,74,0),(5,78,0),(6,2,0),(6,9,0),(6,12,0),(6,14,0),(6,22,0),(6,24,0),(6,25,0),(6,27,0),(6,30,0),(6,33,0),(6,38,0),(6,39,0),(6,41,0),(6,43,0),(6,47,0),(6,49,0),(6,50,0),(6,51,0),(6,52,0),(6,58,0),(6,59,0),(6,61,0),(6,62,0),(6,63,0),(6,64,0),(6,68,0),(6,71,0),(6,72,0),(6,74,0),(6,75,0),(6,79,0),(6,80,0),(7,5,0),(7,9,0),(7,13,0),(7,14,0),(7,29,0),(7,30,0),(7,32,0),(7,43,0),(7,49,0),(7,55,0),(7,57,0),(7,61,0),(7,62,0),(7,69,0),(7,75,0),(7,76,0),(7,77,0),(7,78,0),(8,1,0),(8,2,0),(8,7,0),(8,12,0),(8,16,0),(8,17,0),(8,23,0),(8,30,0),(8,32,0),(8,34,0),(8,37,0),(8,38,0),(8,39,0),(8,50,0),(8,51,0),(8,52,0),(8,54,0),(8,55,0),(8,59,0),(8,71,0),(8,74,0),(8,75,0),(8,78,0),(9,4,0),(9,11,0),(9,15,0),(9,17,0),(9,18,0),(9,20,0),(9,28,0),(9,31,0),(9,34,0),(9,36,0),(9,45,0),(9,48,0),(9,50,0),(9,51,0),(9,54,0),(9,58,0),(9,61,0),(9,63,0),(9,71,0),(9,73,0),(10,4,0),(10,9,0),(10,12,0),(10,16,0),(10,18,0),(10,20,0),(10,23,0),(10,26,0),(10,32,0),(10,34,0),(10,36,0),(10,39,0),(10,40,0),(10,43,0),(10,46,0),(10,50,0),(10,53,0),(10,56,0),(10,58,0),(10,68,0),(10,69,0),(10,70,0),(10,75,0),(10,77,0),(10,78,0);
/*!40000 ALTER TABLE `subscriptions` ENABLE KEYS */;
UNLOCK TABLES;

--
-- Table structure for table `thread`
--

DROP TABLE IF EXISTS `thread`;
/*!40101 SET @saved_cs_client     = @@character_set_client */;
/*!40101 SET character_set_client = utf8 */;
CREATE TABLE `thread` (
  `id` bigint(20) unsigned NOT NULL AUTO_INCREMENT,
  `date` datetime NOT NULL,
  `isClosed` tinyint(3) unsigned NOT NULL DEFAULT '0',
  `isDeleted` tinyint(3) unsigned NOT NULL DEFAULT '0',
  `title` varchar(255) NOT NULL,
  `slug` varchar(255) NOT NULL,
  `posts` int(10) unsigned NOT NULL DEFAULT '0',
  `message` mediumtext NOT NULL,
  `likes` int(11) NOT NULL DEFAULT '0',
  `dislikes` int(11) NOT NULL DEFAULT '0',
  `points` int(11) NOT NULL DEFAULT '0',
  `user` varchar(255) NOT NULL,
  `forum` varchar(255) NOT NULL,
  `forum_id` bigint(20) unsigned NOT NULL,
  `user_id` bigint(20) unsigned NOT NULL,
  PRIMARY KEY (`id`,`forum_id`,`user_id`),
  UNIQUE KEY `slug_UNIQUE` (`slug`),
  KEY `fk_thread_forum1_idx` (`forum_id`),
  KEY `fk_thread_user1_idx` (`user_id`),
  KEY `user_INDEX` (`user`),
  KEY `forum_INDEX` (`forum`),
  CONSTRAINT `fk_thread_forum1` FOREIGN KEY (`forum_id`) REFERENCES `forum` (`id`) ON UPDATE NO ACTION,
  CONSTRAINT `fk_thread_user1` FOREIGN KEY (`user_id`) REFERENCES `user` (`id`) ON UPDATE NO ACTION
) ENGINE=InnoDB AUTO_INCREMENT=81 DEFAULT CHARSET=utf8;
/*!40101 SET character_set_client = @saved_cs_client */;

--
-- Dumping data for table `thread`
--

LOCK TABLES `thread` WRITE;
/*!40000 ALTER TABLE `thread` DISABLE KEYS */;
INSERT INTO `thread` VALUES (1,'2005-11-18 20:55:32',1,1,'Dominions masks silks people capabilities','dominionsmaskssilkspeoplecapabilities',6,'Litora ac clita autem consecteturpraesent. Exerci platea libero eos facilisi.',0,0,0,'shawna@dontgotmail.com','stateexchangesmountainsoperabilities',27,7),(2,'2008-08-12 09:48:30',0,0,'Varactors passage runoff hooks behavior','varactorspassagerunoffhooksbehavior',3,'Non montes, congue facilisisproin et augue rhoncus qui sagittis. Vulputate nascetur feliscras esse purusvestibulum litora, vestibulum no eleifend feugait.',0,0,0,'kalea@fromkentucky.com','varietytabulationstellerspresumption',3,4),(3,'2013-03-27 08:52:17',1,1,'Service switches bat gears editor','serviceswitchesbatgearseditor',1,'Scelerisque maurisaenean leopraesent. Facilisicurabitur hac liberoduis dolores sapien quammaecenas urnamorbi felis, metus amet autem enimsed erosin facilisis.',0,0,0,'kalea@fromkentucky.com','warehousedrillersbattlebush',12,4),(4,'2009-02-13 07:21:04',1,0,'Nozzles veterans changes agents spools','nozzlesveteranschangesagentsspools',1,'Fringilla porta natoque, posuere urna vehicula integer pharetra auctormauris vestibulumnulla. Morbi nunccurabitur orci pretium feliscras enimnulla, feugait torquent iusto hendrerit soluta curabitur.',0,0,0,'shawna@dontgotmail.com','firesconversionstaplerokays',17,7),(5,'2005-07-22 17:57:28',0,1,'Abilities bushings ears interchange instance','abilitiesbushingsearsinterchangeinstance',1,'Varius imperdietaliquam morbi muspellentesque consectetur nequeetiam facer, erosin conguenulla cum nostra nondonec facilisicurabitur. Hac eros clita ea ullamcorper.',0,0,0,'wilbert@mail2whitney.com','exitsmanualsgaragefreshwater',7,3),(6,'2014-07-21 13:07:45',0,0,'Versions dive lash jackboxes peaks','versionsdivelashjackboxespeaks',2,'Aliquip aenean per senectus sadipscing risusdonec mipellentesque, vivamus consecteturpraesent elitduis luctus nisl id quis. Tortor pretium maurisaenean, habitant ea telluspraesent phasellus viverra rebum vestibulumnulla dapibusnam.',0,0,0,'marianne@dangerous-minds.com','deputiesmissilestransportpistons',6,1),(7,'2009-01-25 21:35:21',1,1,'Installations weddings firefighting cranks surveillance','installationsweddingsfirefightingcrankssurveillance',2,'Vero diaminteger semvestibulum quisaenean. Eratproin facer scelerisque euismod, non eleifend vel ridiculus massa.',0,0,0,'stacy@mail2florida.com','circumferencesgroomsimagereplacements',10,10),(8,'2006-10-21 01:54:40',0,1,'Gun contact cruise aircraft bearing','guncontactcruiseaircraftbearing',2,'Labore consectetur inceptos fermentumfusce erat platea illum ligula, habitasse tation nullamauris diam interdum accumsan egestas. Nequeetiam auctormauris integer tortor ipsuminteger soluta, nihil pretium ut eum accumsannulla vehicula taciti lorem nunccurabitur.',0,0,0,'stacy@mail2florida.com','formsdestroyershuntdistribution',9,10),(9,'2006-04-11 01:58:48',0,0,'Adverbs gleam whip dots condenser','adverbsgleamwhipdotscondenser',2,'Invidunt minulla justo himenaeos vitae torquent, magnis mauris mollis sagittis magnapraesent est volutpatut lectus. Sed rutrum.',0,0,0,'wilbert@mail2whitney.com','hoseamperagegangwaygame',16,3),(10,'2006-11-18 13:30:39',1,0,'Adjustment population wiggles pot supermarkets','adjustmentpopulationwigglespotsupermarkets',3,'Urna duo fermentumfusce massaphasellus consequatduis telluspraesent magnainteger, ipsumcurabitur labore egestas libero aliquet porta. Doming fusce iaculis.',0,0,0,'shawna@dontgotmail.com','searchrailwaycharactersassistant',11,7),(11,'2009-11-23 13:44:33',0,0,'Fishes alloys marks wagon department','fishesalloysmarkswagondepartment',0,'Nondonec praesent dolores facilisi duis tempus, lobortisetiam dolor proin doming. Consequatduis dapibus senectus illum.',0,0,0,'jolene@fnbmail.co.za','smokeelectronsattestingmemorandum',20,2),(12,'2009-01-13 18:16:52',0,1,'Piece service canyons nonavailabilities inceptions','pieceservicecanyonsnonavailabilitiesinceptions',3,'Natoque clita in etiam labore class doming, turpis ante rhoncusmaecenas urnapraesent gubergren. Lacusnulla duo ipsum suscipit, augue nullasuspendisse nullam facilisicurabitur nihil eros urna tincidunt convallis.',0,0,0,'shawna@dontgotmail.com','circumferencesgroomsimagereplacements',10,7),(13,'2013-07-26 14:21:35',0,1,'Nests babies reasons paws circuitry','nestsbabiesreasonspawscircuitry',2,'Posuere ultriciespellentesque vestibulumnulla vero aliquammauris, egestas congue donec. Nec ultrices, integer bibendumin elitduis in parturient.',0,0,0,'brennan@bootmail.com','separationproportionstalkersdocumentation',5,9),(14,'2008-07-09 02:41:05',0,1,'Siren helms packages cradle takeoff','sirenhelmspackagescradletakeoff',0,'Inceptos liberoduis nisised. Lectusnullam non, tempus suspendisse platea convallis consectetuer vitae.',0,0,0,'karyn@mail2downtown.com','distributionswindowlensesdrug',25,5),(15,'2012-01-09 07:27:49',0,1,'Analyzer division facilities offset subfunction','analyzerdivisionfacilitiesoffsetsubfunction',5,'Sed netus magnapraesent est enim, fringilla quisaenean taciti dis erosin feugiat ea bibendumin. Primis nonummy elementum.',0,0,0,'wilbert@mail2whitney.com','twirlsbatteriestanvoltage',8,3),(16,'2010-08-24 12:00:51',0,0,'Schoolhouse limb flush debits cabinets','schoolhouselimbflushdebitscabinets',5,'Aliquip temporsuspendisse nonumy vivamus wisi. Option sem luptatum porta nisi.',0,0,0,'marianne@dangerous-minds.com','stateexchangesmountainsoperabilities',27,1),(17,'2013-03-27 17:18:33',0,0,'Cliffs scene woman certification blink','cliffsscenewomancertificationblink',2,'Ullamcorper enim possim per clita, dictumst ridiculus risus morbi vivamus. Lacinia purusvestibulum ipsuminteger.',0,0,0,'jolene@fnbmail.co.za','varietytabulationstellerspresumption',3,2),(18,'2010-07-12 23:34:44',1,1,'Incentive squadron cuff son collector','incentivesquadroncuffsoncollector',3,'Faucibusvestibulum voluptua possim magna. Vehicula consequatduis orci lacus sedfusce ad, leo posuere doming facilisi tellus.',0,0,0,'brennan@bootmail.com','shippingdaysdrunksboards',4,9),(19,'2006-11-11 06:11:20',1,1,'Conveniences participation fund piece start','conveniencesparticipationfundpiecestart',2,'Scelerisque nondonec mi nullam dis. Mazim gravida eum malesuadanullam parturient metus condimentum, bibendumin lectus arcu muspellentesque facilisinam velit takimata tortorvestibulum.',0,0,0,'mikayla@onet.pl','shippingdaysdrunksboards',4,8),(20,'2008-07-10 01:50:52',1,0,'Bolts diseases capes ideals paces','boltsdiseasescapesidealspaces',4,'Aliquyam morbi. Muspellentesque posuere neque, temporsuspendisse in bibendum eratproin soluta gravida nisi.',0,0,0,'wilbert@mail2whitney.com','exitsmanualsgaragefreshwater',7,3),(21,'2009-03-03 14:04:38',0,1,'Coins pedals component stem atmosphere','coinspedalscomponentstematmosphere',2,'Molestie, nascetur sadipscing lacus arcumorbi mazim hac. Urna labore platea.',0,0,0,'karyn@mail2downtown.com','magnetboltsswivelbump',1,5),(22,'2009-01-12 07:26:47',0,1,'Cage armory backups liver hoods','cagearmorybackupsliverhoods',2,'Litora condimentum ea quisque, vero facer tincidunt fusce elementum purus tempor feliscras facilisicurabitur. Rutrum aliquammauris facilisi, elitvivamus felis nisl accumsan.',0,0,0,'shawna@dontgotmail.com','cellarstechnicianslaboratoryaugmentation',24,7),(23,'2012-04-19 05:04:14',1,1,'Quota brightness messengers presences pins','quotabrightnessmessengerspresencespins',6,'Sociis enimnulla possim, lacusnulla nunc vehicula clita integer. No per consectetur semvestibulum consequat potenti esse clita, eros neque fringilla metus massapellentesque sagittis velit.',0,0,0,'mikayla@onet.pl','sweepshellosatellitescrap',29,8),(24,'2005-02-26 06:38:20',1,0,'Correlation nausea options cities stability','correlationnauseaoptionscitiesstability',4,'Venenatis quod enimnulla iusto habitasse sempermorbi zzril ridiculus, assum in sociosqu lacinia clita scelerisque mattis. Mattis fusce gubergren nullam.',0,0,0,'karyn@mail2downtown.com','exitsmanualsgaragefreshwater',7,5),(25,'2005-11-16 16:27:05',0,0,'Hearts saps electricians plant practice','heartssapselectriciansplantpractice',4,'Enimsed iriure taciti soluta, vitae antesuspendisse accusam morbi te ultrices consectetuer lectus. Tempus liberoduis voluptua tellus pulvinar.',0,0,0,'wilbert@mail2whitney.com','frameexposurepagesuns',22,3),(26,'2008-07-25 20:58:22',0,1,'Prefix punctures forest material administrator','prefixpuncturesforestmaterialadministrator',2,'Invidunt mus aliquyam porta duis interdumdonec. Id, hac aenean nunccurabitur feugait mattis ultricies.',0,0,0,'karyn@mail2downtown.com','loudspeakersmirrorslanguagebigamies',28,5),(27,'2008-06-18 21:50:39',1,0,'Circumstance rush noun participation tour','circumstancerushnounparticipationtour',3,'Urna malesuadanullam blandit cras, elementum rhoncus habitant. Rhoncusmaecenas facer pretium, sempermorbi duimauris commodo molestie sea tortor volutpatut.',0,0,0,'marianne@dangerous-minds.com','shippingdaysdrunksboards',4,1),(28,'2007-09-01 10:06:37',0,0,'Diaries halt spars land extent','diarieshaltsparslandextent',4,'Volutpatut mattis placerat platea vestibulum, ultricies eget metus. Nisl sanctus nonummy posuere tempus risus, te bibendum risusdonec viverra eros et vel cras.',0,0,0,'marianne@dangerous-minds.com','bloodsubmariningtissuesuniverse',13,1),(29,'2005-07-02 14:45:21',1,0,'Evaluation dare thoughts aims alphabets','evaluationdarethoughtsaimsalphabets',4,'Interdumdonec nullamauris mattis consetetur dolor, fermentum sociis lacus. Dolores, phasellus imperdietaliquam natoque condimentum ex sem.',0,0,0,'wilbert@mail2whitney.com','varietytabulationstellerspresumption',3,3),(30,'2005-05-27 16:41:26',0,1,'Intercom repair transits show accruals','intercomrepairtransitsshowaccruals',1,'Quod vehicula auctormauris euismod integer, tortor adipiscing consequat platea gubergren aptent. Auctormauris justo consetetur nulla.',0,0,0,'wilbert@mail2whitney.com','deputiesmissilestransportpistons',6,3),(31,'2010-06-24 10:16:43',1,0,'Zip specialist freights overtime till','zipspecialistfreightsovertimetill',5,'Consetetur euismod fames, lorem nunccurabitur nondonec amet eros. Semvestibulum eirmod magna sea te massaphasellus posuere, pretium egestasmauris mipellentesque mi sem nullamauris nonummy praesent.',0,0,0,'kalea@fromkentucky.com','sweepshellosatellitescrap',29,4),(32,'2014-01-03 14:57:02',1,1,'Leathers curls restraint ram trap','leatherscurlsrestraintramtrap',5,'Curae pellentesque eros. Convallis tation mi enimsed urna tellus.',0,0,0,'brennan@bootmail.com','circumferencesgroomsimagereplacements',10,9),(33,'2005-04-28 04:17:04',1,0,'Shelves aptitudes masses movements secrets','shelvesaptitudesmassesmovementssecrets',1,'Platea ligula cum hac potenti aliquip metusdonec suscipit, sit eos liberoduis mus congue orci. Pulvinar vivamus veniam.',0,0,0,'jolene@fnbmail.co.za','statementprisonerforecastlesapple',26,2),(34,'2010-11-04 21:46:29',1,0,'Measurement package north unions atom','measurementpackagenorthunionsatom',2,'Fusce invidunt at condimentum molestie elitnunc clita euismod, curae eos magnis possim semvestibulum facilisis sit. Suscipit cursus, primis ultriciespellentesque tristique facilisinam faucibusvestibulum dapibus diam.',0,0,0,'kalea@fromkentucky.com','sweepshellosatellitescrap',29,4),(35,'2006-08-24 17:41:56',0,1,'Drainer combat junctions torques vices','drainercombatjunctionstorquesvices',1,'Telluspraesent netus option no sem erat, blandit venenatis inceptos non. Nostra commodo lectusnullam taciti arcumorbi, vivamus sodalessed liber phasellus risus nam sociis purusvestibulum eu ridiculus.',0,0,0,'stacy@mail2florida.com','hoseamperagegangwaygame',16,10),(36,'2012-04-09 16:47:14',1,1,'Discretion semicolon whirls capabilities stitches','discretionsemicolonwhirlscapabilitiesstitches',2,'Temporsuspendisse velit iusto mus. Magnapraesent placerat laoreet interdum, volutpat delenit suscipit nam vitae aliquet.',0,0,0,'marianne@dangerous-minds.com','rampchemicalsignalmenquota',14,1),(37,'2013-04-04 12:32:50',0,1,'Realignment railway forty fur hatch','realignmentrailwayfortyfurhatch',3,'Dapibusnam aliquip tortorvestibulum, suspendisse diaminteger quod porta dolores mattis. Imperdiet vel malesuadanullam donec.',0,0,0,'marianne@dangerous-minds.com','distributionswindowlensesdrug',25,1),(38,'2014-04-06 14:33:22',1,0,'Jacket cage encounter workbook winding','jacketcageencounterworkbookwinding',2,'Qui fames, magnainteger risusdonec auctormauris urna facilisinam. Auctor eos.',0,0,0,'jolene@fnbmail.co.za','cellarstechnicianslaboratoryaugmentation',24,2),(39,'2005-03-17 20:44:27',1,1,'Forecastle services wars hits cheeses','forecastleserviceswarshitscheeses',2,'Semper enimsed felis imperdiet, elitvivamus lobortis rutrum natoque. Dignissim, cubilia ex nonumy nam scelerisque curabitur.',0,0,0,'wilbert@mail2whitney.com','radiussemaphoresdisplacementbucket',21,3),(40,'2014-09-17 11:43:11',1,1,'Stores amperages formation hopes compresses','storesamperagesformationhopescompresses',2,'Sodales non vestibulum consequatduis vel, facilisisat laoreetphasellus aliquam fermentumfusce lobortis cum proin id metus et. Bibendum aptent dui porttitor, facilisicurabitur convallis facilisisproin.',0,0,0,'shawna@dontgotmail.com','parameterversesbusinessesremovals',23,7),(41,'2008-12-27 14:54:36',0,0,'Parachutes captain compress drip personnel','parachutescaptaincompressdrippersonnel',3,'Accumsan mus tristique volutpatut. Ut delenit habitasse eu, possim odio esse nonummy bibendumin turpis platea.',0,0,0,'kalea@fromkentucky.com','bloodsubmariningtissuesuniverse',13,4),(42,'2014-07-22 16:55:05',0,1,'Searches washers adverbs lace today','searcheswashersadverbslacetoday',0,'Risus eros labore ea, tortor pharetra delenit diaminteger. Aliquet facilisinam, inceptos quis lobortis suscipit tortor natoque.',0,0,0,'shawna@dontgotmail.com','deputiesmissilestransportpistons',6,7),(43,'2013-08-09 05:26:21',1,0,'Chemicals service potato variables cushions','chemicalsservicepotatovariablescushions',1,'Nec quam, molestie litora pulvinar facer himenaeos eros. Lectusnullam dictumst facilisinam nisised rhoncus, blandit nostra imperdietaliquam senectus nondonec risusdonec magna per.',0,0,0,'karyn@mail2downtown.com','magnetboltsswivelbump',1,5),(44,'2014-11-18 11:04:33',0,0,'Inch pointer commas ton worlds','inchpointercommastonworlds',2,'Illum mus euismod potenti hendrerit quis dolores taciti, nec vel bibendumin aliquammauris lorem praesent diaminteger. Eos eratproin id labore dolor mauris, laoreetphasellus odio enimaliquam malesuadanullam convallis ametduis praesent metus.',0,0,0,'harrison@from-argentina.com','warehousedrillersbattlebush',12,6),(45,'2013-06-24 22:08:36',1,0,'Owners firearm worlds arrangement zones','ownersfirearmworldsarrangementzones',3,'Sociosqu integer nullamauris urnamorbi, vestibulumnulla interdum lobortis. Ipsuminteger maecenas sed semper feugiat.',0,0,0,'kalea@fromkentucky.com','formsdestroyershuntdistribution',9,4),(46,'2008-12-21 10:40:57',0,0,'Forks eleven machine fuse instruments','forkselevenmachinefuseinstruments',0,'Antesuspendisse non dignissim magnis, nondonec porttitor leopraesent justo bibendumin rebum consecteturpraesent eos. Accumsan consecteturpraesent, phasellus takimata est curabitur placerat tation.',0,0,0,'kalea@fromkentucky.com','sweepshellosatellitescrap',29,4),(47,'2008-04-05 06:54:51',0,1,'Sleeves drunk coxswain sparks objective','sleevesdrunkcoxswainsparksobjective',1,'Stet laoreet eum, clita minulla nostra elitr. Nisi in quisque nunc aaenean, convallis aliquammauris egestas muspellentesque aptent enimnulla consectetuer etiam lectusnullam sollicitudin.',0,0,0,'brennan@bootmail.com','distributionswindowlensesdrug',25,9),(48,'2013-08-10 03:15:19',1,1,'Help fantails slashes ingredient sash','helpfantailsslashesingredientsash',2,'Curabitur faucibusvestibulum. Duis possim.',0,0,0,'shawna@dontgotmail.com','circumferencesgroomsimagereplacements',10,7),(49,'2007-12-21 04:19:52',1,0,'Agreement petition closures butter island','agreementpetitionclosuresbutterisland',2,'Autem magnapraesent mattis congue molestie. Ante, dolor scelerisque interdum nondonec hac platea.',0,0,0,'stacy@mail2florida.com','frameexposurepagesuns',22,10),(50,'2014-09-08 01:45:24',1,1,'Parachutes checks problems fear briefings','parachuteschecksproblemsfearbriefings',5,'Sodalessed rhoncus varius habitant. Montes faucibus massapellentesque.',0,0,0,'harrison@from-argentina.com','shelterarmamentindicatorwaste',2,6),(51,'2012-02-07 17:48:06',0,0,'Directions schoolrooms odds magazine allegation','directionsschoolroomsoddsmagazineallegation',4,'Neque faucibus dolores. Accumsan possim eu nobis aliquammauris, netus ea himenaeos consequatduis.',0,0,0,'shawna@dontgotmail.com','deputiesmissilestransportpistons',6,7),(52,'2009-07-07 19:27:08',0,0,'Influences egg fats ditch villages','influenceseggfatsditchvillages',3,'Conguenulla ipsuminteger dapibus libero enim, magna dictumst laoreetphasellus interdum bibendumin nostrud semper nondonec. Bibendumin pulvinarvestibulum minulla ex dui ultriciespellentesque.',0,0,0,'wilbert@mail2whitney.com','shelvesstakeeditortelephone',15,3),(53,'2014-04-07 18:54:18',0,0,'Rust implement lining classroom beings','rustimplementliningclassroombeings',3,'Quisaenean interdumdonec. Iusto, integer per zzril nisised metus quod.',0,0,0,'stacy@mail2florida.com','frameexposurepagesuns',22,10),(54,'2006-12-15 15:36:13',1,0,'Howl possibilities overtime coupling glove','howlpossibilitiesovertimecouplingglove',3,'Kasd aliquip nobis eget ipsumcurabitur erat sit, sedfusce in erosin euismod penatibus auctormauris. Accumsan laoreet, habitant ultricies maurisaenean sadipscing aptent.',0,0,0,'marianne@dangerous-minds.com','separationproportionstalkersdocumentation',5,1),(55,'2005-02-11 20:59:45',1,1,'Accountability elapses outing slopes integer','accountabilityelapsesoutingslopesinteger',6,'Nisl purusvestibulum consecteturpraesent. Taciti integer pulvinarvestibulum, commodo vivamus montes leo dictumst.',0,0,0,'brennan@bootmail.com','rampchemicalsignalmenquota',14,9),(56,'2005-06-08 11:16:41',0,1,'Dynamometer democracies pistols scope merchant','dynamometerdemocraciespistolsscopemerchant',1,'Ametduis elitvivamus fermentumfusce urna pellentesque, et consecteturpraesent eu vestibulumnulla laoreetphasellus metus muspellentesque. Lectusnullam rhoncus, consetetur dignissim habitant iaculis curae.',0,0,0,'marianne@dangerous-minds.com','radiussemaphoresdisplacementbucket',21,1),(57,'2014-07-17 00:02:10',1,0,'Depth whisper rear bone mine','depthwhisperrearbonemine',1,'Magnainteger platea turpis potenti cum. Nequeetiam ultrices primis conubia euismod, enimnulla liber mollis nullamauris consequat.',0,0,0,'brennan@bootmail.com','deputiesmissilestransportpistons',6,9),(58,'2012-12-12 05:15:11',1,1,'Improvement arguments hilltops workbooks lifts','improvementargumentshilltopsworkbookslifts',4,'Tempus penatibus porttitor accumsannulla nostra, nondonec sodalessed malesuadanullam conguenulla mauris amet taciti venenatis mi. Labore fringilla ipsuminteger himenaeos dapibusnam porttitor.',0,0,0,'brennan@bootmail.com','radiussemaphoresdisplacementbucket',21,9),(59,'2005-01-07 16:26:17',1,0,'Answer summary welders submission profile','answersummarywelderssubmissionprofile',1,'Platea senectus elitnunc, quisaenean consetetur purusvestibulum vivamus. Dignissim enim litora quis.',0,0,0,'brennan@bootmail.com','shelterarmamentindicatorwaste',2,9),(60,'2005-09-18 06:33:47',1,0,'Guesses superintendent oil governor remedy','guessessuperintendentoilgovernorremedy',3,'Voluptua te urnamorbi nunc, habitant doming ipsuminteger nunccurabitur curae nulla consequatduis. Venenatis suspendisse labore maecenas imperdietaliquam.',0,0,0,'kalea@fromkentucky.com','separationproportionstalkersdocumentation',5,4),(61,'2008-07-10 05:06:53',0,0,'Watches specification obligations application tail','watchesspecificationobligationsapplicationtail',4,'Nisised vestibulum muspellentesque accusam phasellus. Sodales euismod ligula vestibulum tincidunt.',0,0,0,'kalea@fromkentucky.com','magnetboltsswivelbump',1,4),(62,'2012-07-14 01:16:16',1,0,'Sound folder longitude rifles chest','soundfolderlongituderifleschest',5,'Arcu tortorvestibulum. Tortorcurabitur fermentum duo risus elitduis tortorvestibulum accusam ac, rutrum varius est ex suscipit enimsed leopraesent.',0,0,0,'brennan@bootmail.com','hoseamperagegangwaygame',16,9),(63,'2006-07-03 22:22:36',0,0,'Lime eighties order squares pile','limeeightiesordersquarespile',1,'Invidunt iaculis eleifend ex a, mattis laoreetphasellus enimsed taciti. Tempor accumsan natoque.',0,0,0,'stacy@mail2florida.com','parameterversesbusinessesremovals',23,10),(64,'2009-01-10 15:51:07',1,1,'Resolution bomb tools application hugs','resolutionbombtoolsapplicationhugs',3,'Minulla luptatum curae. Inceptos elitvivamus quod lacusnulla autem, condimentum erosin integer consectetuer gravida habitasse.',0,0,0,'mikayla@onet.pl','circumferencesgroomsimagereplacements',10,8),(65,'2014-11-27 04:45:43',1,0,'Arraignments sip nod abrasions stencil','arraignmentssipnodabrasionsstencil',1,'Vivamus muspellentesque diam vestibulumnulla erosin ametduis, commodo urnapraesent tincidunt ante minulla posuere. Cras mollis minim, nibh tellus sagittis volutpatut consectetuer massapellentesque aliquyam elitnunc.',0,0,0,'marianne@dangerous-minds.com','warehousedrillersbattlebush',12,1),(66,'2012-06-10 02:29:56',0,0,'Shields operators tugs barge probes','shieldsoperatorstugsbargeprobes',0,'Esse consectetuer rhoncusmaecenas magnainteger. Lobortisetiam justo dictumst bibendumfusce.',0,0,0,'mikayla@onet.pl','radiussemaphoresdisplacementbucket',21,8),(67,'2005-11-21 11:02:17',0,1,'Beacons generators mug seawater letterhead','beaconsgeneratorsmugseawaterletterhead',1,'Sodales viverra ipsumcurabitur quammaecenas soluta, magnapraesent lectus illum faucibus ligula bibendumin penatibus venenatis felissed dapibus. Tellus eros vel rhoncusmaecenas.',0,0,0,'kalea@fromkentucky.com','rampchemicalsignalmenquota',14,4),(68,'2008-01-24 15:57:53',0,0,'Belt settings component cargo analyses','beltsettingscomponentcargoanalyses',3,'Risus aptent sempermorbi vestibulum purusvestibulum odio morbi, nascetur sadipscing kasd quammaecenas parturient ipsum quis voluptua. Sanctus aliquyam odio integer.',0,0,0,'shawna@dontgotmail.com','deputiesmissilestransportpistons',6,7),(69,'2005-04-17 13:55:53',0,1,'Advances outline jaw tree citizen','advancesoutlinejawtreecitizen',2,'Ut nec pulvinarvestibulum sea cubilia egestas, litora commodo porta at. Bibendumfusce pharetra gubergren mauris, delenit scelerisque rebum platea cubilia luptatum.',0,0,0,'shawna@dontgotmail.com','firesconversionstaplerokays',17,7),(70,'2014-04-15 02:29:00',1,1,'Petitions agreement mix reproduction attachment','petitionsagreementmixreproductionattachment',3,'Purus dui consectetuer sanctus ultrices lacusnulla, nostra eu risus eleifend cum ipsuminteger congue dictumstvivamus. Enimaliquam primis quammaecenas hendrerit, quam mi placerat sanctus porttitor.',0,0,0,'kalea@fromkentucky.com','separationproportionstalkersdocumentation',5,4),(71,'2014-03-26 08:01:38',0,0,'Time armory attack plastic decoder','timearmoryattackplasticdecoder',3,'Sociis class odio placerat, pulvinarvestibulum praesent vel dignissim nonummy. Dis habitant amet telluspraesent volutpatut temporsuspendisse aenean enim, accusam nisi sedfusce aliquet facilisicurabitur leo.',0,0,0,'kalea@fromkentucky.com','searchrailwaycharactersassistant',11,4),(72,'2014-11-24 12:17:55',1,0,'Chimney tracker candle freshwater platforms','chimneytrackercandlefreshwaterplatforms',1,'Dolor fermentumfusce enimnulla pharetra illum. Telluspraesent ullamcorper duo lectus.',0,0,0,'jolene@fnbmail.co.za','rampchemicalsignalmenquota',14,2),(73,'2012-10-23 10:31:05',1,1,'Resistances titles calibrations levers affair','resistancestitlescalibrationsleversaffair',3,'Possim quod felis telluspraesent faucibusvestibulum sociis. Mazim temporsuspendisse himenaeos nunccurabitur, penatibus sea scelerisque tation imperdietaliquam qui elit aenean.',0,0,0,'karyn@mail2downtown.com','shelvesstakeeditortelephone',15,5),(74,'2010-12-23 18:33:04',1,0,'Thyristor poison rheostats perforator babies','thyristorpoisonrheostatsperforatorbabies',3,'Temporsuspendisse pellentesque variuscras dignissim. Leo commodo sadipscing.',0,0,0,'jolene@fnbmail.co.za','mugwastespresentationsplash',18,2),(75,'2012-12-13 07:28:59',0,0,'Rules clump cough kite cycle','rulesclumpcoughkitecycle',2,'Facilisisproin pharetra nibh. Feugait facer, ultriciespellentesque sociosqu aenean nostrud stet feliscras.',0,0,0,'kalea@fromkentucky.com','mugwastespresentationsplash',18,4),(76,'2008-11-08 00:58:00',1,1,'Subsystem series deployment food obligations','subsystemseriesdeploymentfoodobligations',3,'Imperdiet diaminteger accusam curabitur. Ea lacusut consequat antesuspendisse facilisisproin.',0,0,0,'harrison@from-argentina.com','exitsmanualsgaragefreshwater',7,6),(77,'2006-04-24 07:33:48',0,0,'Motel fallout hierarchy pats sidewalks','motelfallouthierarchypatssidewalks',3,'Placerat augue mazim nullasuspendisse tortorvestibulum, tincidunt gravida elitduis molestie neque sagittis quam varius. Invidunt sagittis mi rebum magnapraesent maurisaenean, arcu justo platea aenean primis option eu arcumorbi eratproin.',0,0,0,'marianne@dangerous-minds.com','deputiesmissilestransportpistons',6,1),(78,'2006-04-08 14:28:28',1,0,'Establishments shaft jewels apparatus lookouts','establishmentsshaftjewelsapparatuslookouts',2,'Zzril, eleifend massaphasellus pretium elementum nisi eros. Qui pulvinarvestibulum adipiscing pretium augue platea lectus, dapibusnam nunc accumsan clita illum a.',0,0,0,'kalea@fromkentucky.com','searchrailwaycharactersassistant',11,4),(79,'2009-11-19 08:11:20',0,0,'Increment desertions leather leathers birth','incrementdesertionsleatherleathersbirth',1,'Phasellus odio consequatduis facilisicurabitur, lacinia accusam torquent tortor accumsan auctor class aliquet. Sociis tristique consecteturpraesent accusam facer, mipellentesque nullamauris quammaecenas sociosqu netus justo zzril.',0,0,0,'karyn@mail2downtown.com','exitsmanualsgaragefreshwater',7,5),(80,'2014-05-02 03:06:58',1,0,'Seasoning monolith needle meet bed','seasoningmonolithneedlemeetbed',2,'Minim aptent eum faucibusvestibulum. Consequat pulvinarvestibulum variuscras.',0,0,0,'brennan@bootmail.com','circumferencesgroomsimagereplacements',10,9);
/*!40000 ALTER TABLE `thread` ENABLE KEYS */;
UNLOCK TABLES;

--
-- Table structure for table `user`
--

DROP TABLE IF EXISTS `user`;
/*!40101 SET @saved_cs_client     = @@character_set_client */;
/*!40101 SET character_set_client = utf8 */;
CREATE TABLE `user` (
  `id` bigint(20) unsigned NOT NULL AUTO_INCREMENT,
  `username` varchar(255) DEFAULT NULL,
  `password` varchar(255) NOT NULL,
  `email` varchar(255) NOT NULL,
  `name` varchar(255) DEFAULT NULL,
  `isAnonymous` tinyint(3) unsigned NOT NULL DEFAULT '0',
  `about` varchar(255) DEFAULT NULL,
  PRIMARY KEY (`id`),
  UNIQUE KEY `email_UNIQUE` (`email`),
  UNIQUE KEY `username_UNIQUE` (`username`),
  KEY `email_INDEX` (`email`)
) ENGINE=InnoDB AUTO_INCREMENT=11 DEFAULT CHARSET=utf8;
/*!40101 SET character_set_client = @saved_cs_client */;

--
-- Dumping data for table `user`
--

LOCK TABLES `user` WRITE;
/*!40000 ALTER TABLE `user` DISABLE KEYS */;
INSERT INTO `user` VALUES (1,'Jared94429','123456','marianne@dangerous-minds.com','Jared94429',1,'Facilisisproin assum stet mazim morbi, lobortis in aenean eget tortorcurabitur semvestibulum faucibusvestibulum.'),(2,'Angel35960','123456','jolene@fnbmail.co.za','Angel35960',0,'Senectus facilisisproin clita iriure gravida, a commodo telluspraesent facilisinam tortorcurabitur ullamcorper donec doming ipsuminteger aptent.'),(3,'Dawson58319','123456','wilbert@mail2whitney.com','Dawson58319',1,'Ligula tellus qui ipsum.'),(4,'Deirdre71854','123456','kalea@fromkentucky.com','Deirdre71854',0,'Litora phasellus accusam illum nisised.'),(5,'Lola85296','123456','karyn@mail2downtown.com','Lola85296',0,'Consetetur nisi litora.'),(6,'Jody62939','123456','harrison@from-argentina.com','Jody62939',0,'Quod nunc tation.'),(7,'Fredrick6582','123456','shawna@dontgotmail.com','Fredrick6582',1,'Nec platea facilisi etiam, accusam parturient dolore risus iaculis luctus ultrices variuscras.'),(8,'Angel88232','123456','mikayla@onet.pl','Angel88232',0,'Lectus est erosin malesuadanullam, nonummy etiam vehicula.'),(9,'Pasquale32301','123456','brennan@bootmail.com','Pasquale32301',0,'Ut consecteturpraesent nequeetiam.'),(10,'Lynette45696','123456','stacy@mail2florida.com','Lynette45696',1,'Luptatum, dapibusnam facilisinam etiam iusto imperdietaliquam gubergren.');
/*!40000 ALTER TABLE `user` ENABLE KEYS */;
UNLOCK TABLES;
/*!40103 SET TIME_ZONE=@OLD_TIME_ZONE */;

/*!40101 SET SQL_MODE=@OLD_SQL_MODE */;
/*!40014 SET FOREIGN_KEY_CHECKS=@OLD_FOREIGN_KEY_CHECKS */;
/*!40014 SET UNIQUE_CHECKS=@OLD_UNIQUE_CHECKS */;
/*!40101 SET CHARACTER_SET_CLIENT=@OLD_CHARACTER_SET_CLIENT */;
/*!40101 SET CHARACTER_SET_RESULTS=@OLD_CHARACTER_SET_RESULTS */;
/*!40101 SET COLLATION_CONNECTION=@OLD_COLLATION_CONNECTION */;
/*!40111 SET SQL_NOTES=@OLD_SQL_NOTES */;

-- Dump completed on 2014-04-07 23:05:57
